1BP2_A	1BP2_A	1.000	145	0	0	1	145	1	145	3.238E-101	315
1BP2_A	1P2P_A	0.863	146	20	0	1	145	1	146	2.162E-83	263
1DKT_A	1DKT_A	1.000	79	0	0	1	79	1	79	1.138E-52	171
1DKT_A	1SCE_A	0.571	76	28	0	5	71	24	99	4.313E-23	86
1U4Q_A	1AJ3_A	0.924	2477	188	0	1	2477	1	2477	0.000E+00	4790
1U4Q_A	1U4Q_A	0.924	2477	188	0	1	2477	1	2477	0.000E+00	4790
1U4Q_A	1SHG_A	0.924	2477	188	0	1	2477	1	2477	0.000E+00	4790
1U4Q_A	1DXX_A	0.127	2016	1694	0	142	2157	331	2272	2.802E-12	67
1U4Q_A	1CFD_A	0.265	150	104	0	2325	2474	5	146	1.171E-09	58
1U4Q_A	2A36_A	0.534	51	23	0	971	1021	156	206	1.382E-08	55
1U4Q_A	1SHF_A	0.434	65	35	0	967	1029	82	146	3.147E-08	53
1U4Q_A	1FMK_A	0.421	64	35	0	968	1029	85	148	2.147E-07	51
2ABD_A	2ABD_A	0.963	87	3	0	1	87	1	87	4.157E-55	179
4GWT_A	4GWT_A	0.952	163	8	0	1	163	1	163	1.680E-105	328
4GWT_A	1PIN_A	0.952	163	8	0	1	163	1	163	1.680E-105	328
4GWT_A	1K9Q_A	0.508	35	16	0	3	37	169	202	9.868E-05	36
1LZ1_A	1LZ1_A	0.998	148	0	0	1	148	1	148	5.132E-101	314
1LZ1_A	4LYZ_A	0.639	146	52	0	1	146	1	145	1.856E-56	186
1LZ1_A	1EL1_A	0.625	130	48	0	19	148	1	129	5.842E-48	162
1LZ1_A	1HFZ_A	0.443	121	64	0	17	137	18	133	3.426E-26	99
1LZ1_A	1HFY_A	0.439	121	65	0	17	137	18	133	8.803E-26	98
1QJP_A	1QJP_A	0.978	346	8	0	1	346	1	346	4.418E-236	715
1QJP_A	2PTL_A	0.815	22	4	0	1	22	1	22	4.423E-05	40
1A5E_A	1A5E_A	0.949	156	8	0	1	156	1	156	1.944E-100	313
1A5E_A	1IHB_A	0.423	121	69	0	10	130	3	122	5.184E-24	93
1A5E_A	1SVX_A	0.335	113	74	0	19	131	54	166	5.781E-14	64
1BK7_A	1BK7_A	1.000	191	0	0	1	191	1	191	2.139E-137	422
1QLP_A	1QLP_A	0.962	418	16	0	1	418	1	418	1.347E-280	848
1QLP_A	1UHG_A	0.314	377	246	0	56	415	10	386	2.022E-51	184
1QLP_A	1C5G_A	0.305	367	250	0	55	415	36	402	3.589E-47	171
1QLP_A	1ANT_L	0.292	377	257	0	55	418	88	464	4.702E-45	165
1FTG_A	1FTG_A	0.986	170	2	0	1	170	1	170	5.984E-115	356
1FTG_A	1FLV_A	0.986	170	2	0	1	170	1	170	5.984E-115	356
1FTG_A	3F6R_A	0.317	118	78	0	4	118	3	120	5.533E-13	61
1IO2_A	1IO2_A	0.938	228	14	0	1	228	1	228	1.244E-146	451
1LVE_A	1LVE_A	0.977	114	3	0	1	114	1	114	7.522E-75	237
1LVE_A	2IMM_A	0.804	114	22	0	1	114	1	114	1.176E-58	190
1LVE_A	1FH5_L	0.585	114	44	0	1	114	1	108	3.364E-38	132
1LVE_A	1OPG_L	0.556	114	48	0	1	114	1	108	1.876E-35	124
1LVE_A	2MMX_A	0.462	100	52	0	1	100	1	97	1.514E-22	87
1LVE_A	1FH5_H	0.277	83	56	0	35	112	24	106	3.466E-05	36
1QGD_A	1QGD_A	0.963	663	24	0	1	663	1	663	0.000E+00	1345
3TGL_A	3TGL_A	0.964	363	13	0	1	363	1	363	8.257E-244	739
1AAR_A	1AAR_A	0.934	690	45	0	1	690	1	690	0.000E+00	1351
1AAR_A	1UBQ_A	0.931	685	47	0	1	685	1	685	0.000E+00	1338
1AAR_A	1OTR_B	0.904	380	36	0	77	456	1	380	9.329E-231	719
1AAR_A	5TR5_A	0.379	72	44	0	77	148	1	72	1.116E-07	49
1TPE_A	1TPE_A	0.940	250	15	0	1	250	1	250	1.614E-161	495
1TPE_A	1HTI_A	0.542	244	110	0	7	250	8	249	1.631E-77	252
1TPE_A	8TIM_A	0.542	242	109	0	7	248	7	246	7.856E-77	250
1TPE_A	1YPI_A	0.532	242	112	0	7	248	6	246	6.410E-75	245
1TPE_A	1BTM_A	0.398	246	146	0	6	248	4	249	2.669E-49	171
1Z1I_A	1Z1I_A	0.975	6302	158	0	1	6302	1	6302	0.000E+00	12938
2N53_A	2N53_A	0.953	256	12	0	1	256	1	256	2.226E-168	515
2N53_A	1QM0_A	0.882	253	30	0	4	256	2	253	2.113E-151	466
2N53_A	2LSB_A	0.882	253	30	0	4	256	2	253	2.113E-151	466
2N53_A	1B10_A	0.849	253	38	0	4	256	2	254	1.478E-144	446
2N53_A	1AG2_A	0.846	253	39	0	4	256	2	254	5.214E-144	445
2N53_A	1XYX_A	0.846	253	39	0	4	256	2	254	5.214E-144	445
1ANK_A	1ANK_A	0.952	214	10	0	1	214	1	214	6.201E-140	430
1ANK_A	2AKY_A	0.505	214	105	0	1	214	7	220	4.279E-61	203
1QGV_A	1QGV_A	1.000	142	0	0	1	142	1	142	2.908E-98	306
1TEN_A	1TEN_A	0.990	2201	22	0	1	2201	1	2201	0.000E+00	4601
1TEN_A	1TTG_A	0.235	1270	964	0	626	1886	814	2083	1.701E-104	372
1TEN_A	2CK2_A	0.235	1270	964	0	626	1886	814	2083	1.701E-104	372
1TEN_A	1FNF_A	0.235	1270	964	0	626	1886	814	2083	1.701E-104	372
1TEN_A	1WIT_A	0.141	1433	1134	0	639	1959	2596	4028	2.827E-21	96
1TEN_A	1IR3_A	0.285	87	59	0	214	296	180	266	4.104E-04	40
1TEN_A	1K85_A	0.198	170	133	0	798	967	460	626	9.346E-04	38
1BNI_A	1BNI_A	0.962	157	6	0	1	157	1	157	9.530E-103	320
1BNI_A	1BNI_C	0.962	157	6	0	1	157	1	157	9.530E-103	320
1BNI_A	1MGR_A	0.339	59	37	0	100	156	79	137	1.625E-04	36
1D5G_A	1D5G_A	0.941	2485	147	0	1	2485	1	2485	0.000E+00	4903
1D5G_A	5JXB_A	0.269	237	163	0	1361	1584	153	389	6.668E-20	92
1D5G_A	3K82_A	0.269	237	163	0	1361	1584	153	389	6.668E-20	92
1D5G_A	2ZAJ_A	0.173	495	323	0	1103	1597	850	1241	2.017E-14	74
451C_A	451C_A	0.974	104	3	0	1	104	1	104	1.188E-67	216
451C_A	1YNR_A	0.598	79	31	0	26	104	20	98	1.754E-25	94
1YYX_A	1YYX_A	0.921	106	8	0	1	106	1	106	1.882E-64	207
2JUC_A	2JUC_A	0.944	465	26	0	1	465	1	465	1.669E-305	923
2JUC_A	1E0L_A	0.497	42	20	0	4	44	436	477	1.275E-05	42
2JUC_A	1UZC_A	0.736	26	7	0	5	30	187	212	1.684E-05	42
2WQG_A	2WQG_A	0.841	218	35	0	1	218	1	218	1.352E-122	381
3WP4_A	3WP4_A	0.939	485	30	0	1	485	1	485	5.302E-317	957
3WP4_A	1XXN_A	0.347	183	114	0	48	230	34	208	2.891E-25	106
3WP4_A	1BCX_A	0.344	183	114	0	48	230	34	208	6.833E-25	104
1ADO_A	1ADO_A	0.964	364	13	0	1	364	1	364	1.790E-244	741
1SAK_A	1TUP_A	0.964	393	14	0	1	393	1	393	3.884E-264	799
1SAK_A	1SAK_A	0.964	393	14	0	1	393	1	393	3.884E-264	799
5JXB_A	5JXB_A	0.963	724	27	0	1	724	1	724	0.000E+00	1468
5JXB_A	3K82_A	0.963	724	27	0	1	724	1	724	0.000E+00	1468
5JXB_A	2ZAJ_A	0.212	408	266	0	51	388	821	1228	4.667E-23	100
5JXB_A	1D5G_A	0.274	237	162	0	153	389	1361	1584	1.731E-21	95
5JXB_A	1SHF_A	0.332	79	45	0	412	490	67	135	2.483E-06	45
5JXB_A	2A36_A	0.373	54	30	0	418	471	142	190	6.234E-04	37
5JXB_A	1FMK_A	0.308	71	44	0	420	490	74	137	8.217E-04	37
1AYF_B	1AYF_A	0.926	186	14	0	1	186	1	186	4.383E-117	363
1AYF_B	1AYF_B	0.926	186	14	0	1	186	1	186	4.383E-117	363
1C9O_A	1C9O_A	0.990	66	1	0	1	66	1	66	3.124E-42	140
1C9O_A	1CSP_A	0.864	65	9	0	1	65	1	65	8.412E-35	119
1C9O_A	1G6P_A	0.724	61	17	0	3	63	2	62	2.690E-25	92
1C9O_A	1MJC_A	0.637	64	23	0	4	66	7	70	2.909E-22	83
1G6N_A	1G6N_A	0.965	210	7	0	1	210	1	210	2.483E-139	428
1G6N_A	1BYW_A	0.312	88	57	0	25	112	764	847	2.171E-07	46
1YRI_A	1YRI_A	0.975	826	21	0	1	826	1	826	0.000E+00	1699
1YRI_A	1QQV_A	0.975	826	21	0	1	826	1	826	0.000E+00	1699
1YRI_A	1VII_A	0.975	826	21	0	1	826	1	826	0.000E+00	1699
1YRI_A	1WY3_A	0.975	826	21	0	1	826	1	826	0.000E+00	1699
1YRI_A	3FFN_A	0.523	704	335	0	17	720	66	769	1.636E-218	690
1YRI_A	1KCQ_A	0.523	704	335	0	17	720	66	769	1.636E-218	690
2JIE_A	2JIE_A	1.000	448	0	0	1	448	1	448	0.000E+00	981
2JIE_A	2O9P_A	1.000	448	0	0	1	448	1	448	0.000E+00	981
1BNI_C	1BNI_A	0.962	157	6	0	1	157	1	157	9.530E-103	320
1BNI_C	1BNI_C	0.962	157	6	0	1	157	1	157	9.530E-103	320
1BNI_C	1MGR_A	0.339	59	37	0	100	156	79	137	1.625E-04	36
1DEC_A	1DEC_A	1.000	39	0	0	1	39	1	39	1.471E-27	96
1I5T_A	1AKK_A	0.993	105	1	0	1	105	1	105	5.792E-70	222
1I5T_A	1I5T_A	0.993	105	1	0	1	105	1	105	5.792E-70	222
1I5T_A	1CYC_A	0.855	104	15	0	1	104	1	104	1.799E-57	186
1I5T_A	1YCC_A	0.703	101	30	0	2	102	7	107	4.732E-43	145
1I5T_A	1YEA_A	0.685	101	32	0	2	102	11	111	1.535E-41	141
1I5T_A	1C2R_A	0.311	111	67	0	2	99	22	132	3.888E-12	56
3K82_A	5JXB_A	0.963	724	27	0	1	724	1	724	0.000E+00	1468
3K82_A	3K82_A	0.963	724	27	0	1	724	1	724	0.000E+00	1468
3K82_A	2ZAJ_A	0.212	408	266	0	51	388	821	1228	4.667E-23	100
3K82_A	1D5G_A	0.274	237	162	0	153	389	1361	1584	1.731E-21	95
3K82_A	1SHF_A	0.332	79	45	0	412	490	67	135	2.483E-06	45
3K82_A	2A36_A	0.373	54	30	0	418	471	142	190	6.234E-04	37
3K82_A	1FMK_A	0.308	71	44	0	420	490	74	137	8.217E-04	37
1XWS_A	1XWS_A	0.999	313	0	0	1	313	1	313	1.093E-218	663
1XWS_A	1WIT_A	0.235	268	202	0	38	302	6261	6528	1.547E-18	82
1XWS_A	1SHF_A	0.222	255	195	0	44	298	277	528	7.699E-15	70
1XWS_A	1FMK_A	0.270	156	108	0	150	298	372	527	3.383E-12	62
1XWS_A	1GUA_B	0.185	280	219	0	36	305	347	626	4.362E-09	52
1XWS_A	1IR3_A	0.179	278	215	0	44	306	1029	1306	1.321E-07	48
2DRI_A	2DRI_A	0.908	296	27	0	1	296	1	296	2.106E-184	563
2DRI_A	1LBI_A	0.202	245	192	0	49	293	84	324	2.901E-10	56
5T43_A	5T43_A	0.965	176	6	0	1	176	1	176	3.398E-116	360
5T43_A	1B0O_A	0.229	173	130	0	1	169	1	173	9.980E-10	52
1B10_A	1B10_A	0.966	254	9	0	1	254	1	254	8.656E-170	519
1B10_A	1AG2_A	0.911	254	23	0	1	254	1	254	3.765E-158	485
1B10_A	1XYX_A	0.911	254	23	0	1	254	1	254	3.765E-158	485
1B10_A	1QM0_A	0.876	254	31	0	1	254	1	253	6.792E-151	464
1B10_A	2LSB_A	0.876	254	31	0	1	254	1	253	6.792E-151	464
1B10_A	2N53_A	0.852	253	37	0	2	254	4	256	3.818E-145	448
2LZM_A	2LZM_A	0.973	164	4	0	1	164	1	164	4.814E-109	338
2LZM_A	1L63_A	0.973	164	4	0	1	164	1	164	4.814E-109	338
3C2I_A	3C2I_A	0.890	486	53	0	1	486	1	486	5.720E-298	902
1UZC_A	1UZC_A	0.880	957	115	0	1	957	1	957	0.000E+00	1750
1UZC_A	1E0L_A	0.300	123	71	0	53	175	64	166	2.962E-10	59
1UZC_A	2JUC_A	0.673	30	9	0	143	172	2	31	1.381E-05	43
2BJD_A	2BJD_A	0.958	101	4	0	1	101	1	101	2.773E-64	206
2BJD_A	1APS_A	0.350	76	48	0	13	87	7	82	6.548E-09	47
2BJD_A	2K7J_A	0.330	69	45	0	20	87	14	82	1.907E-06	40
1BU4_A	1YGW_A	0.961	130	5	0	1	130	1	130	2.976E-84	265
1BU4_A	9RNT_A	0.961	130	5	0	1	130	1	130	2.976E-84	265
1BU4_A	1RN1_A	0.961	130	5	0	1	130	1	130	2.976E-84	265
1BU4_A	1BU4_A	0.961	130	5	0	1	130	1	130	2.976E-84	265
1BU4_A	1RN1_C	0.961	130	5	0	1	130	1	130	2.976E-84	265
1JLV_A	1JLV_A	0.991	209	2	0	1	209	1	209	3.458E-143	439
1NFI_F	1NFI_F	0.972	317	9	0	1	317	1	317	2.311E-214	651
1NFI_F	1SVX_A	0.347	163	101	0	76	238	12	167	1.216E-22	94
1NFI_F	2NTE_A	0.365	105	62	0	107	211	424	522	1.098E-13	67
1NFI_F	1IHB_A	0.274	138	94	0	104	241	31	161	1.462E-10	57
1RHG_A	1RHG_A	0.963	207	8	0	1	207	1	207	6.292E-137	421
1H8V_A	1H8V_A	0.976	234	6	0	1	234	1	234	7.097E-158	483
1H8V_A	1OLR_A	0.468	220	115	0	4	220	20	239	4.223E-56	190
1JNX_X	1JNX_X	0.934	1863	123	0	1	1863	1	1863	0.000E+00	3646
1JNX_X	2NTE_A	0.266	141	96	0	1652	1792	572	703	5.846E-09	55
4N6V_2	4N6V_2	0.962	98	4	0	1	98	1	98	1.458E-62	201
1APS_A	1APS_A	0.955	99	4	0	1	99	1	99	1.116E-62	201
1APS_A	2K7J_A	0.607	97	38	0	1	97	1	97	1.484E-33	117
1APS_A	2BJD_A	0.337	76	49	0	7	82	13	87	4.047E-08	44
1HFZ_A	1HFZ_A	1.000	142	0	0	1	142	1	142	1.028E-97	304
1HFZ_A	1HFY_A	0.967	142	5	0	1	142	1	142	3.443E-93	291
1HFZ_A	1EL1_A	0.475	115	58	0	23	133	4	118	1.158E-27	103
1HFZ_A	1LZ1_A	0.442	121	64	0	18	133	17	137	3.703E-26	98
1HFZ_A	4LYZ_A	0.455	111	58	0	24	130	23	133	1.182E-24	94
1JY0_A	2AFG_A	1.000	155	0	0	1	155	1	155	1.379E-107	334
1JY0_A	1JQZ_A	1.000	155	0	0	1	155	1	155	1.379E-107	334
1JY0_A	1JY0_A	1.000	155	0	0	1	155	1	155	1.379E-107	334
1JY0_A	1K5U_A	1.000	155	0	0	1	155	1	155	1.379E-107	334
1JY0_A	1BFG_A	0.557	155	68	0	1	154	134	288	9.607E-50	167
1P2P_A	1P2P_A	1.000	146	0	0	1	146	1	146	1.318E-101	316
1P2P_A	1BP2_A	0.857	146	21	0	1	146	1	145	1.099E-82	261
1RRO_A	1RRO_A	0.939	109	7	0	1	109	1	109	5.880E-68	217
1RRO_A	1RTP_1	0.528	107	50	0	1	107	1	107	1.807E-30	109
2N7Z_A	2N7Z_A	0.974	540	14	0	1	540	1	540	0.000E+00	1110
2N7Z_A	1GUA_B	0.248	276	198	0	25	300	353	616	3.642E-21	93
2N7Z_A	1IR3_A	0.232	286	216	0	17	302	1022	1303	1.002E-18	85
2N7Z_A	1SHF_A	0.238	271	188	0	13	283	266	513	1.327E-18	85
2N7Z_A	1FMK_A	0.253	220	150	0	64	283	311	512	2.048E-16	78
2N7Z_A	1WIT_A	0.184	206	156	0	24	229	6267	6458	1.437E-04	39
3F6R_A	3F6R_A	0.933	148	10	0	1	148	1	148	4.595E-93	291
1OSI_A	1OSI_A	0.941	345	20	0	1	345	1	345	7.037E-225	683
1RX4_A	1RX4_A	1.000	159	0	0	1	159	1	159	1.469E-109	340
1FH5_L	1FH5_L	0.950	213	11	0	1	213	1	213	7.374E-139	427
1FH5_L	1OPG_L	0.929	213	15	0	1	213	1	213	3.681E-135	417
1FH5_L	2IMM_A	0.609	114	42	0	1	108	1	114	1.299E-38	138
1FH5_L	1LVE_A	0.564	114	47	0	1	108	1	114	2.112E-34	126
1FH5_L	2MMX_A	0.393	96	56	0	1	93	1	96	1.189E-14	68
1FH5_L	1FC1_A	0.295	114	78	0	86	199	202	313	6.073E-10	53
1FH5_L	1FH5_H	0.197	195	150	0	13	207	6	193	1.311E-06	43
1XAS_A	1XAS_A	0.981	477	9	0	1	477	1	477	0.000E+00	988
1XAS_A	1TUX_A	0.517	286	137	0	56	341	43	327	6.052E-83	279
1XAS_A	3PG0_A	0.375	125	71	0	361	474	36	160	7.037E-18	82
2CRK_A	2CRK_A	0.990	381	4	0	1	381	1	381	5.697E-264	798
1IDS_A	1IDS_A	0.998	207	0	0	1	207	1	207	5.907E-143	439
1IDS_A	1N0J_A	0.554	195	86	0	3	196	25	219	5.330E-63	208
1L6H_A	1L6H_A	0.943	96	5	0	1	96	1	96	1.011E-59	192
1QQV_A	1YRI_A	0.975	826	21	0	1	826	1	826	0.000E+00	1699
1QQV_A	1QQV_A	0.975	826	21	0	1	826	1	826	0.000E+00	1699
1QQV_A	1VII_A	0.975	826	21	0	1	826	1	826	0.000E+00	1699
1QQV_A	1WY3_A	0.975	826	21	0	1	826	1	826	0.000E+00	1699
1QQV_A	3FFN_A	0.523	704	335	0	17	720	66	769	1.636E-218	690
1QQV_A	1KCQ_A	0.523	704	335	0	17	720	66	769	1.636E-218	690
1GWY_A	1GWY_A	0.979	175	4	0	1	175	1	175	1.893E-117	363
1GWY_A	2KS4_A	0.931	174	12	0	2	175	3	176	6.520E-110	342
1JIW_I	1JIW_I	0.945	479	26	0	1	479	1	479	1.758E-315	952
4BLM_A	4BLM_A	0.945	307	17	0	1	307	1	307	1.323E-200	611
4BLM_A	1BLC_A	0.441	284	152	0	17	300	7	279	2.910E-67	226
4BLM_A	1BTL_A	0.442	225	124	0	54	276	35	259	1.537E-51	180
4BLM_A	1AXB_A	0.442	225	124	0	54	276	35	259	1.537E-51	180
1TDJ_A	1TDJ_A	0.956	514	23	0	1	514	1	514	0.000E+00	1035
1YGW_A	1YGW_A	0.961	130	5	0	1	130	1	130	2.976E-84	265
1YGW_A	9RNT_A	0.961	130	5	0	1	130	1	130	2.976E-84	265
1YGW_A	1RN1_A	0.961	130	5	0	1	130	1	130	2.976E-84	265
1YGW_A	1BU4_A	0.961	130	5	0	1	130	1	130	2.976E-84	265
1YGW_A	1RN1_C	0.961	130	5	0	1	130	1	130	2.976E-84	265
1G3P_A	1G3P_A	0.942	424	25	0	1	424	1	424	1.824E-277	839
1IOJ_A	1IOJ_A	0.877	83	10	0	1	83	1	83	1.547E-46	154
3S92_A	3S92_A	0.873	726	92	0	1	726	1	726	0.000E+00	1317
3S92_A	1X0J_A	0.531	742	332	0	18	726	58	799	5.113E-238	742
3S92_A	2DVV_A	0.531	742	332	0	18	726	58	799	5.113E-238	742
3S92_A	4BJX_A	0.539	645	291	0	13	644	37	681	3.504E-209	658
3S92_A	2OUO_A	0.539	645	291	0	13	644	37	681	3.504E-209	658
3S92_A	3MXF_A	0.539	645	291	0	13	644	37	681	3.504E-209	658
3S92_A	1KDX_A	0.503	80	39	0	333	412	1111	1190	2.642E-16	78
1TUX_A	1TUX_A	0.959	329	13	0	1	329	1	329	3.500E-219	666
1TUX_A	1XAS_A	0.488	301	153	0	28	327	41	341	6.090E-83	272
1RN1_C	1YGW_A	0.961	130	5	0	1	130	1	130	2.976E-84	265
1RN1_C	9RNT_A	0.961	130	5	0	1	130	1	130	2.976E-84	265
1RN1_C	1RN1_A	0.961	130	5	0	1	130	1	130	2.976E-84	265
1RN1_C	1BU4_A	0.961	130	5	0	1	130	1	130	2.976E-84	265
1RN1_C	1RN1_C	0.961	130	5	0	1	130	1	130	2.976E-84	265
1BVC_A	1BVC_A	0.961	154	6	0	1	154	1	154	1.288E-100	314
1EL1_A	1EL1_A	1.000	129	0	0	1	129	1	129	3.272E-89	279
1EL1_A	1LZ1_A	0.604	130	51	0	1	129	19	148	3.886E-46	155
1EL1_A	4LYZ_A	0.603	129	51	0	1	129	19	147	1.375E-45	154
1EL1_A	1HFZ_A	0.456	115	60	0	4	118	23	133	4.100E-26	98
1EL1_A	1HFY_A	0.454	115	60	0	4	118	23	133	7.706E-26	97
1BVU_A	1BVU_A	0.970	419	13	0	1	419	1	419	7.342E-284	857
1BVU_A	1B26_A	0.565	415	179	0	1	415	1	413	8.276E-143	450
1SHG_A	1AJ3_A	0.924	2477	188	0	1	2477	1	2477	0.000E+00	4790
1SHG_A	1U4Q_A	0.924	2477	188	0	1	2477	1	2477	0.000E+00	4790
1SHG_A	1SHG_A	0.924	2477	188	0	1	2477	1	2477	0.000E+00	4790
1SHG_A	1DXX_A	0.127	2016	1694	0	142	2157	331	2272	2.802E-12	67
1SHG_A	1CFD_A	0.265	150	104	0	2325	2474	5	146	1.171E-09	58
1SHG_A	2A36_A	0.534	51	23	0	971	1021	156	206	1.382E-08	55
1SHG_A	1SHF_A	0.434	65	35	0	967	1029	82	146	3.147E-08	53
1SHG_A	1FMK_A	0.421	64	35	0	968	1029	85	148	2.147E-07	51
2RN4_A	2RN4_A	0.968	131	4	0	1	131	1	131	9.680E-86	269
3O39_A	3O39_A	0.914	161	14	0	1	161	1	161	4.228E-99	310
1IHB_A	1IHB_A	0.962	168	6	0	1	168	1	168	2.484E-110	342
1IHB_A	1SVX_A	0.367	152	96	0	6	157	15	166	8.957E-25	96
1IHB_A	1A5E_A	0.425	121	68	0	3	122	10	130	4.288E-24	94
1IHB_A	1NFI_F	0.270	138	95	0	31	161	104	241	5.296E-11	55
1LS4_A	1LS4_A	0.884	179	21	0	1	179	1	179	2.880E-106	331
5CRO_O	5CRO_O	0.962	66	2	0	1	66	1	66	1.018E-40	136
1AYF_A	1AYF_A	0.926	186	14	0	1	186	1	186	4.383E-117	363
1AYF_A	1AYF_B	0.926	186	14	0	1	186	1	186	4.383E-117	363
1HYN_P	1HYN_P	0.932	911	62	0	1	911	1	911	0.000E+00	1779
1KDX_A	1KDX_A	0.933	2441	163	0	1	2441	1	2441	0.000E+00	4770
1KDX_A	1X0J_A	0.515	77	37	0	1111	1187	371	447	2.202E-15	77
1KDX_A	2DVV_A	0.515	77	37	0	1111	1187	371	447	2.202E-15	77
1KDX_A	4BJX_A	0.506	77	38	0	1111	1187	375	451	6.597E-15	76
1KDX_A	2OUO_A	0.506	77	38	0	1111	1187	375	451	6.597E-15	76
1KDX_A	3MXF_A	0.506	77	38	0	1111	1187	375	451	6.597E-15	76
1KDX_A	3S92_A	0.501	77	38	0	1111	1187	333	409	1.142E-14	75
1PFL_A	1PFL_A	0.979	140	3	0	1	140	1	140	4.287E-93	291
5TR5_A	5TR5_A	1.000	465	0	0	1	465	1	465	0.000E+00	1014
5TR5_A	1OTR_B	0.414	72	42	0	1	72	1	72	9.737E-10	55
5TR5_A	1AAR_A	0.403	72	42	0	1	72	1	72	3.933E-09	53
5TR5_A	1UBQ_A	0.400	72	43	0	1	72	1	72	5.200E-09	53
1B26_A	1B26_A	0.962	416	16	0	1	416	1	416	2.865E-279	844
1B26_A	1BVU_A	0.572	415	176	0	1	413	1	415	4.798E-145	456
5ZYR_A	5ZYR_A	0.956	315	14	0	1	315	1	315	8.610E-209	635
1BA3_A	1BA3_A	0.965	550	19	0	1	550	1	550	0.000E+00	1118
1GLM_A	1GLM_A	0.939	640	39	0	1	640	1	640	0.000E+00	1261
3PG4_A	3PG4_A	0.957	270	12	0	1	270	1	270	1.234E-178	545
3PGK_A	3PGK_A	0.943	416	24	0	1	416	1	416	1.058E-272	825
3PGK_A	2WZB_A	0.650	415	144	0	1	413	1	415	6.183E-172	534
3PGK_A	5NP8_A	0.650	415	144	0	1	413	1	415	6.183E-172	534
6JHM_A	6JHM_A	0.988	517	6	0	1	517	1	517	0.000E+00	1080
2IN9_A	2IN9_A	0.954	790	36	0	1	790	1	790	0.000E+00	1585
2K7J_A	2K7J_A	0.984	99	2	0	1	99	1	99	5.174E-65	208
2K7J_A	1APS_A	0.622	97	36	0	1	97	1	97	8.597E-35	121
2K7J_A	2BJD_A	0.305	83	55	0	14	96	20	99	2.688E-07	42
2ZAJ_A	2ZAJ_A	0.932	1491	101	0	1	1491	1	1491	0.000E+00	2913
2ZAJ_A	5JXB_A	0.208	411	269	0	821	1231	51	391	1.323E-21	97
2ZAJ_A	3K82_A	0.208	411	269	0	821	1231	51	391	1.323E-21	97
2ZAJ_A	1D5G_A	0.183	440	329	0	812	1251	1061	1464	1.237E-15	77
2ZAJ_A	1K9Q_A	0.319	123	82	0	273	395	145	266	1.076E-11	64
2KS4_A	2KS4_A	0.979	176	4	0	1	176	1	176	2.990E-118	366
2KS4_A	1GWY_A	0.928	174	12	0	3	176	2	175	1.762E-109	340
3BCI_A	3BCI_A	0.943	199	11	0	1	199	1	199	2.519E-128	396
1BPI_A	1BPI_A	1.000	100	0	0	1	100	1	100	1.465E-68	218
1BPI_A	5PTI_A	1.000	100	0	0	1	100	1	100	1.465E-68	218
1SUP_A	1SUP_A	0.918	382	31	0	1	382	1	382	3.415E-242	735
2RPN_A	2RPN_A	0.917	592	49	0	1	592	1	592	0.000E+00	1136
2RPN_A	2A36_A	0.427	56	31	0	537	592	3	57	1.454E-06	46
3PG0_A	3PG0_A	0.990	165	2	0	1	165	1	165	4.876E-112	347
3PG0_A	1XAS_A	0.390	125	69	0	36	160	361	474	1.475E-21	86
6G4B_A	6G4B_A	0.967	455	15	0	1	455	1	455	1.273E-307	928
1A0F_A	1A0F_A	0.973	201	5	0	1	201	1	201	1.383E-134	414
1AMQ_A	1AMQ_A	0.965	396	14	0	1	396	1	396	2.108E-266	806
2LSB_A	1QM0_A	0.961	253	10	0	1	253	1	253	6.821E-168	513
2LSB_A	2LSB_A	0.961	253	10	0	1	253	1	253	6.821E-168	513
2LSB_A	2N53_A	0.882	253	30	0	2	253	4	256	1.837E-151	466
2LSB_A	1B10_A	0.874	254	32	0	1	253	1	254	1.669E-150	463
2LSB_A	1AG2_A	0.868	254	33	0	1	253	1	254	3.904E-149	459
2LSB_A	1XYX_A	0.868	254	33	0	1	253	1	254	3.904E-149	459
3BLS_A	3BLS_A	0.990	377	4	0	1	377	1	377	3.532E-261	790
2LTB_A	2LTB_A	0.949	683	35	0	1	683	1	683	0.000E+00	1363
3BN0_A	3BN0_A	0.976	112	3	0	1	112	1	112	2.205E-73	233
2HPR_A	2HPR_A	0.907	88	8	0	1	88	1	88	8.659E-52	169
2HPR_A	1Y4Y_A	0.688	88	27	0	1	88	1	88	5.557E-36	124
2HPR_A	1CM2_A	0.405	81	48	0	1	81	1	81	8.165E-14	60
2HPR_A	1POH_A	0.405	81	48	0	1	81	1	81	8.165E-14	60
1KFW_A	1KFW_A	0.971	577	17	0	1	577	1	577	0.000E+00	1181
1KFW_A	1K85_A	0.326	433	285	0	41	473	29	452	6.050E-63	223
1CAH_A	12CA_A	1.000	260	0	0	1	260	1	260	6.605E-184	560
1CAH_A	1CAH_A	1.000	260	0	0	1	260	1	260	6.605E-184	560
1FKB_A	1FKB_A	1.000	108	0	0	1	108	1	108	7.025E-74	234
1FKB_A	1FKJ_A	1.000	108	0	0	1	108	1	108	7.025E-74	234
1PGA_A	1PGA_A	0.889	448	50	0	1	448	1	448	4.137E-274	831
1PGA_A	2PTL_A	0.944	127	7	0	227	353	329	455	7.158E-75	254
1SPD_A	1N18_A	0.988	154	2	0	1	154	1	154	4.817E-104	323
1SPD_A	3ECU_A	0.988	154	2	0	1	154	1	154	4.817E-104	323
1SPD_A	1SPD_A	0.988	154	2	0	1	154	1	154	4.817E-104	323
1SPD_A	1JK9_A	0.588	150	61	0	4	152	3	152	8.096E-52	173
1BCX_A	1BCX_A	0.991	213	2	0	1	213	1	213	5.558E-146	448
1BCX_A	1XXN_A	0.988	213	3	0	1	213	1	213	1.962E-145	446
1BCX_A	3WP4_A	0.324	176	113	0	34	201	48	223	6.459E-23	92
1CQW_A	1CQW_A	1.000	294	0	0	1	294	1	294	3.877E-211	640
1CQW_A	1MJ5_A	0.503	284	140	0	9	290	7	290	6.532E-82	267
6TQ3_A	6TQ3_A	0.936	246	16	0	1	246	1	246	3.544E-158	485
6TQ3_A	1PX0_A	0.217	173	126	0	19	191	14	175	1.377E-07	47
1A43_A	1A43_A	0.980	1435	29	0	1	1435	1	1435	0.000E+00	2965
1A43_A	2H3F_A	0.980	1435	29	0	1	1435	1	1435	0.000E+00	2965
1A43_A	2JYS_A	0.162	816	587	0	609	1309	166	981	5.512E-22	98
1A43_A	3G1G_A	0.186	318	255	0	272	585	381	698	3.668E-10	59
1TIT_A	1TIT_A	0.927	1024	75	0	1	1024	1	1024	0.000E+00	1988
1TIT_A	1WIT_A	0.229	368	274	0	667	1022	1124	1491	1.798E-24	106
2TS1_A	2TS1_A	0.956	419	18	0	1	419	1	419	3.295E-279	844
1BLC_A	1BLC_A	0.928	281	20	0	1	281	1	281	2.277E-179	548
1BLC_A	4BLM_A	0.438	277	149	0	14	279	24	300	5.672E-65	218
1BLC_A	1BTL_A	0.329	257	171	0	26	281	30	286	6.087E-37	136
1BLC_A	1AXB_A	0.329	257	171	0	26	281	30	286	6.087E-37	136
1CYO_A	1CYO_A	0.979	134	3	0	1	134	1	134	5.720E-89	279
1CYO_A	1IET_A	0.863	134	18	0	1	134	1	134	3.253E-76	242
1CYO_A	1B5M_A	0.541	130	58	0	5	134	16	143	2.558E-39	136
2JOF_A	2JOF_A	1.000	20	0	0	1	20	1	20	4.956E-11	48
2VY0_A	2VY0_A	1.000	297	0	0	1	297	1	297	7.420E-213	646
1K9Q_A	1K9Q_A	0.933	504	34	0	1	504	1	504	0.000E+00	987
1K9Q_A	2ZAJ_A	0.320	119	80	0	147	264	275	393	7.333E-12	63
1K9Q_A	1DXX_A	0.423	46	24	0	218	263	3047	3088	3.024E-04	38
1C52_A	1C52_A	0.947	131	7	0	1	131	1	131	2.077E-83	263
1FC1_A	1FC1_A	0.971	399	12	0	1	399	1	399	1.390E-270	818
1FC1_A	1FH5_H	0.557	101	39	0	1	101	109	198	3.256E-27	110
1FC1_A	1FH5_L	0.381	87	52	0	229	313	113	199	4.461E-11	59
1FC1_A	1OPG_L	0.381	87	52	0	229	313	113	199	4.461E-11	59
1FC1_A	2CLR_B	0.287	86	56	0	230	315	28	107	5.470E-05	40
1C5G_A	1C5G_A	0.968	402	13	0	1	402	1	402	1.762E-271	821
1C5G_A	1ANT_L	0.320	374	249	0	36	402	88	461	4.436E-53	188
1C5G_A	1QLP_A	0.310	367	248	0	36	402	55	415	6.036E-49	176
1C5G_A	1UHG_A	0.291	377	259	0	37	402	10	386	1.073E-44	163
1FEP_A	1FEP_A	0.985	746	11	0	1	746	1	746	0.000E+00	1551
1SSO_A	1SSO_A	0.939	64	4	0	1	64	1	64	3.783E-38	128
1SSO_A	1BNZ_A	0.931	64	4	0	1	64	1	64	9.786E-38	127
1SSO_A	1C8C_A	0.931	64	4	0	1	64	1	64	9.786E-38	127
1SSO_A	1AZP_A	0.740	66	16	0	1	64	1	66	8.722E-29	102
1XYX_A	1AG2_A	0.974	254	7	0	1	254	1	254	1.969E-171	524
1XYX_A	1XYX_A	0.974	254	7	0	1	254	1	254	1.969E-171	524
1XYX_A	1B10_A	0.921	254	20	0	1	254	1	254	2.427E-160	492
1XYX_A	1QM0_A	0.880	254	30	0	1	254	1	253	1.025E-151	467
1XYX_A	2LSB_A	0.880	254	30	0	1	254	1	253	1.025E-151	467
1XYX_A	2N53_A	0.859	253	36	0	2	254	4	256	1.191E-146	452
2H3F_A	1A43_A	0.980	1435	29	0	1	1435	1	1435	0.000E+00	2965
2H3F_A	2H3F_A	0.980	1435	29	0	1	1435	1	1435	0.000E+00	2965
2H3F_A	2JYS_A	0.162	816	587	0	609	1309	166	981	5.512E-22	98
2H3F_A	3G1G_A	0.186	318	255	0	272	585	381	698	3.668E-10	59
1YEA_A	1YEA_A	0.996	113	0	0	1	113	1	113	5.720E-76	240
1YEA_A	1YCC_A	0.890	106	12	0	6	111	2	107	1.470E-61	199
1YEA_A	1AKK_A	0.692	101	31	0	11	111	2	102	6.298E-42	142
1YEA_A	1I5T_A	0.692	101	31	0	11	111	2	102	6.298E-42	142
1YEA_A	1CYC_A	0.667	101	33	0	11	111	2	102	7.227E-40	136
1YEA_A	1C2R_A	0.260	116	75	0	11	113	22	137	4.781E-08	45
1FT8_A	1FT8_A	0.961	619	24	0	1	619	1	619	0.000E+00	1253
2IFB_A	2IFB_A	0.967	132	4	0	1	132	1	132	2.873E-86	271
2IFB_A	1IFB_A	0.967	132	4	0	1	132	1	132	2.873E-86	271
2IFB_A	2HMB_A	0.343	131	84	0	2	132	4	132	2.133E-18	76
2IFB_A	2CBR_A	0.305	134	90	0	3	132	4	137	7.536E-15	65
2IFB_A	1O1U_A	0.260	131	93	0	1	131	1	126	1.493E-09	50
2TRT_A	2TRT_A	0.953	218	10	0	1	218	1	218	9.963E-143	439
1IOB_A	1IOB_A	0.974	269	7	0	1	269	1	269	1.145E-181	554
1LVM_A	1LVM_A	0.965	3054	107	0	1	3054	1	3054	0.000E+00	6197
1LVM_A	1R6R_A	0.202	259	200	0	1263	1521	1688	1939	1.115E-09	59
1H7M_A	1H7M_A	0.948	101	5	0	1	101	1	101	1.848E-63	203
2A36_A	2A36_A	0.994	211	1	0	1	211	1	211	4.596E-145	445
2A36_A	1FMK_A	0.361	144	83	0	4	134	90	233	7.226E-22	89
2A36_A	1SHF_A	0.280	205	135	0	4	192	88	292	1.163E-20	85
2A36_A	1AJ3_A	0.521	51	24	0	156	206	971	1021	7.915E-10	53
2A36_A	1U4Q_A	0.521	51	24	0	156	206	971	1021	7.915E-10	53
2A36_A	1SHG_A	0.521	51	24	0	156	206	971	1021	7.915E-10	53
2A36_A	2RPN_A	0.448	56	30	0	3	57	537	592	2.792E-08	48
2A36_A	1KA6_A	0.462	39	20	0	61	98	7	45	2.399E-04	36
2A36_A	5JXB_A	0.449	39	18	0	157	190	433	471	5.700E-04	35
2A36_A	3K82_A	0.449	39	18	0	157	190	433	471	5.700E-04	35
1N18_A	1N18_A	0.988	154	2	0	1	154	1	154	4.817E-104	323
1N18_A	3ECU_A	0.988	154	2	0	1	154	1	154	4.817E-104	323
1N18_A	1SPD_A	0.988	154	2	0	1	154	1	154	4.817E-104	323
1N18_A	1JK9_A	0.588	150	61	0	4	152	3	152	8.096E-52	173
1RBP_A	1RBP_A	1.000	201	0	0	1	201	1	201	1.297E-140	432
1H0X_A	1H0X_A	0.895	97	10	0	1	97	1	97	1.529E-56	183
2OUO_A	4BJX_A	0.870	1362	177	0	1	1362	1	1362	0.000E+00	2457
2OUO_A	2OUO_A	0.870	1362	177	0	1	1362	1	1362	0.000E+00	2457
2OUO_A	3MXF_A	0.870	1362	177	0	1	1362	1	1362	0.000E+00	2457
2OUO_A	3S92_A	0.532	645	295	0	37	681	13	644	1.572E-196	647
2OUO_A	1X0J_A	0.500	693	341	0	7	688	29	721	2.075E-194	641
2OUO_A	2DVV_A	0.500	693	341	0	7	688	29	721	2.075E-194	641
2OUO_A	1KDX_A	0.508	80	39	0	375	454	1111	1190	3.680E-16	79
3G1G_A	3G1G_A	0.963	701	26	0	1	701	1	701	0.000E+00	1422
3G1G_A	1A43_A	0.185	305	245	0	394	698	284	585	1.033E-09	56
3G1G_A	2H3F_A	0.185	305	245	0	394	698	284	585	1.033E-09	56
5NP8_A	2WZB_A	0.963	417	15	0	1	417	1	417	4.533E-280	846
5NP8_A	5NP8_A	0.963	417	15	0	1	417	1	417	4.533E-280	846
5NP8_A	3PGK_A	0.655	415	142	0	1	415	1	413	1.483E-173	539
1AYI_A	1AYI_A	0.957	87	4	0	1	87	1	87	1.074E-54	177
1AYI_A	1IMQ_A	0.608	87	33	0	1	87	1	86	8.216E-30	106
2PTL_A	2PTL_A	0.941	455	27	0	1	455	1	455	1.236E-297	899
2PTL_A	1HZ6_A	0.951	304	15	0	23	326	95	398	3.796E-197	609
2PTL_A	1PGA_A	0.537	253	113	0	210	455	101	353	1.597E-76	259
2PTL_A	1QJP_A	0.808	22	4	0	1	22	1	22	8.685E-05	39
2SPZ_A	2SPZ_A	0.902	508	50	0	1	508	1	508	1.537E-316	957
2MMX_A	2MMX_A	0.947	98	5	0	1	98	1	98	2.509E-61	197
2MMX_A	1LVE_A	0.440	97	52	0	1	94	1	97	3.102E-20	79
2MMX_A	2IMM_A	0.434	95	52	0	1	92	1	95	2.849E-19	76
2MMX_A	1FH5_L	0.397	92	53	0	1	92	1	89	1.076E-15	66
2MMX_A	1OPG_L	0.391	90	52	0	3	92	3	89	9.876E-15	63
2MMX_A	1FH5_H	0.299	83	54	0	14	91	8	90	6.686E-07	41
3D3B_A	3D3B_A	0.926	139	10	0	1	139	1	139	2.141E-86	272
1VQB_A	1VQB_A	0.974	87	2	0	1	87	1	87	6.231E-56	181
2C9Q_A	2C9Q_A	0.919	126	10	0	1	126	1	126	3.330E-77	244
4YEE_A	4YEE_A	0.983	271	5	0	1	271	1	271	4.752E-185	564
4YEE_A	4YEF_A	0.700	271	81	0	1	271	1	270	5.918E-122	382
1ARR_A	1ARR_A	0.954	53	2	0	1	53	1	53	1.646E-31	109
1W4E_A	3DV0_I	0.924	428	32	0	1	428	1	428	7.922E-274	829
1W4E_A	1W4E_A	0.924	428	32	0	1	428	1	428	7.922E-274	829
1W4E_A	1W4H_A	0.336	421	263	0	7	427	8	404	7.176E-66	227
2CBR_A	2CBR_A	0.995	137	1	0	1	137	1	137	6.973E-93	290
2CBR_A	2HMB_A	0.425	134	73	0	4	137	5	132	6.893E-28	103
2CBR_A	2IFB_A	0.314	134	88	0	4	137	3	132	1.000E-15	68
2CBR_A	1IFB_A	0.314	134	88	0	4	137	3	132	1.000E-15	68
2CBR_A	1O1U_A	0.242	117	81	0	4	120	3	110	3.890E-06	40
1HNG_A	1HNG_A	0.958	344	14	0	1	344	1	344	3.842E-229	695
2RN2_X	2RN2_A	1.000	155	0	0	1	155	1	155	1.104E-108	337
2RN2_X	2RN2_X	1.000	155	0	0	1	155	1	155	1.104E-108	337
2RN2_X	1RIL_A	0.635	142	51	0	3	143	7	148	3.965E-54	180
2RN2_X	2JYS_A	0.267	100	64	0	50	137	644	743	3.138E-06	41
1BRF_A	1BRF_A	1.000	54	0	0	1	54	1	54	3.108E-38	128
1BRF_A	1IRO_A	0.785	54	11	0	1	54	1	54	9.841E-25	89
1DXX_A	1DXX_A	0.929	3685	262	0	1	3685	1	3685	0.000E+00	7165
1DXX_A	1AJ3_A	0.190	321	248	0	2453	2773	132	438	8.785E-11	63
1DXX_A	1U4Q_A	0.190	321	248	0	2453	2773	132	438	8.785E-11	63
1DXX_A	1SHG_A	0.190	321	248	0	2453	2773	132	438	8.785E-11	63
1DXX_A	1K9Q_A	0.445	46	23	0	3047	3088	218	263	5.347E-04	40
1HK0_X	1HK0_X	1.000	174	0	0	1	174	1	174	3.059E-126	389
1K5U_A	2AFG_A	1.000	155	0	0	1	155	1	155	1.379E-107	334
1K5U_A	1JQZ_A	1.000	155	0	0	1	155	1	155	1.379E-107	334
1K5U_A	1JY0_A	1.000	155	0	0	1	155	1	155	1.379E-107	334
1K5U_A	1K5U_A	1.000	155	0	0	1	155	1	155	1.379E-107	334
1K5U_A	1BFG_A	0.557	155	68	0	1	154	134	288	9.607E-50	167
1OLR_A	1OLR_A	1.000	254	0	0	1	254	1	254	1.548E-185	564
1OLR_A	1H8V_A	0.511	220	106	0	20	239	4	220	2.175E-63	212
2CI2_I	2CI2_I	0.948	84	4	0	1	84	1	84	5.177E-52	169
2CI2_I	1TIN_A	0.431	63	35	0	22	84	6	68	7.448E-11	51
2CI2_I	1ACB_I	0.401	61	35	0	25	84	10	70	8.761E-09	46
2CI2_I	1EGL_A	0.401	61	35	0	25	84	10	70	8.761E-09	46
1PX0_A	1PX0_A	0.980	254	5	0	1	254	1	254	1.153E-172	527
1PX0_A	6TQ3_A	0.218	181	134	0	4	175	11	191	2.629E-08	49
1TCA_A	1TCA_A	0.948	342	18	0	1	342	1	342	8.382E-225	683
1CSP_A	1CSP_A	0.979	67	1	0	1	67	1	67	2.394E-42	141
1CSP_A	1C9O_A	0.864	65	9	0	1	65	1	65	8.847E-35	119
1CSP_A	1G6P_A	0.700	62	18	0	2	63	1	62	1.383E-24	90
1CSP_A	1MJC_A	0.650	64	22	0	2	64	5	68	6.245E-23	85
1FXA_A	1FXA_A	0.982	99	2	0	1	99	1	99	7.098E-65	207
1FXA_A	1FRD_A	0.593	95	38	0	1	95	1	95	1.248E-31	112
1DIL_A	1DIL_A	0.974	382	10	0	1	382	1	382	1.043E-259	786
1N0J_A	1N0J_A	1.000	222	0	0	1	222	1	222	3.318E-156	478
1N0J_A	1IDS_A	0.563	195	84	0	25	219	3	196	4.310E-64	212
1R6R_A	1R6R_A	0.973	3388	91	0	1	3388	1	3388	0.000E+00	6945
1R6R_A	1LVM_A	0.208	258	198	0	1688	1938	1263	1520	8.034E-11	63
1O1U_A	1O1U_A	0.972	128	4	0	1	128	1	128	5.080E-84	264
1O1U_A	2IFB_A	0.265	131	92	0	1	126	1	131	3.791E-10	51
1O1U_A	1IFB_A	0.265	131	92	0	1	126	1	131	3.791E-10	51
1O1U_A	2HMB_A	0.261	128	89	0	2	122	4	131	2.466E-09	49
1O1U_A	2CBR_A	0.225	133	95	0	3	126	4	136	4.234E-06	40
1LRP_A	1LRP_A	0.956	237	10	0	1	237	1	237	4.932E-156	478
1Y4Y_A	1Y4Y_A	0.900	88	9	0	1	88	1	88	3.069E-51	168
1Y4Y_A	2HPR_A	0.692	88	27	0	1	88	1	88	2.950E-36	124
1Y4Y_A	1CM2_A	0.380	83	51	0	1	83	1	83	1.421E-12	57
1Y4Y_A	1POH_A	0.380	83	51	0	1	83	1	83	1.421E-12	57
2HIP_A	2HIP_A	1.000	71	0	0	1	71	1	71	1.203E-50	165
1CLW_A	1CLW_A	0.968	667	21	0	1	667	1	667	0.000E+00	1362
1FRD_A	1FRD_A	0.987	99	1	0	1	99	1	99	2.749E-65	209
1FRD_A	1FXA_A	0.595	95	38	0	1	95	1	95	9.094E-32	112
1UBQ_A	1UBQ_A	0.933	685	46	0	1	685	1	685	0.000E+00	1341
1UBQ_A	1AAR_A	0.931	685	47	0	1	685	1	685	0.000E+00	1337
1UBQ_A	1OTR_B	0.904	380	36	0	77	456	1	380	7.606E-231	719
1UBQ_A	5TR5_A	0.379	72	44	0	77	148	1	72	1.105E-07	49
1MGR_A	1MGR_A	0.925	141	10	0	1	141	1	141	1.374E-87	275
1MGR_A	1RGG_A	0.767	93	21	0	49	141	4	96	2.686E-43	148
1MGR_A	1BNI_A	0.368	59	35	0	79	137	100	156	5.795E-06	40
1MGR_A	1BNI_C	0.368	59	35	0	79	137	100	156	5.795E-06	40
1QM4_A	1QM4_A	0.975	397	10	0	1	397	1	397	1.734E-270	818
1TPK_A	1TPK_A	1.000	562	0	0	1	562	1	562	0.000E+00	1235
1TPK_A	1URK_A	0.389	490	248	0	72	561	18	424	1.249E-97	325
1ZNJ_A	1ZNJ_A	0.987	110	1	0	1	110	1	110	5.160E-73	231
1ZNJ_A	1ZNJ_B	0.987	110	1	0	1	110	1	110	5.160E-73	231
2K3K_A	2K3K_A	0.925	216	16	0	1	216	1	216	2.482E-136	420
2K3K_A	1OIA_A	0.505	278	106	0	2	216	5	282	7.686E-82	263
1JL9_A	1JL9_A	1.000	1207	0	0	1	1207	1	1207	0.000E+00	2590
1JL9_A	1TEN_A	0.205	179	125	0	834	1012	246	403	1.801E-05	43
1URK_A	1URK_A	1.000	431	0	0	1	431	1	431	1.356E-316	953
1URK_A	1TPK_A	0.399	490	244	0	18	424	72	561	1.555E-103	337
2AKY_A	2AKY_A	0.970	222	7	0	1	222	1	222	1.553E-148	456
2AKY_A	1ANK_A	0.513	214	104	0	7	220	1	214	1.877E-62	207
4LYZ_A	4LYZ_A	1.000	147	0	0	1	147	1	147	5.365E-102	317
4LYZ_A	1LZ1_A	0.640	146	52	0	1	145	1	146	1.293E-56	186
4LYZ_A	1EL1_A	0.621	129	49	0	19	147	1	129	3.712E-47	159
4LYZ_A	1HFY_A	0.450	120	63	0	23	142	24	138	1.281E-26	100
4LYZ_A	1HFZ_A	0.431	120	65	0	23	142	24	138	1.049E-24	94
1AON_O	1AON_O	0.912	97	8	0	1	97	1	97	6.474E-58	187
2HMB_A	2HMB_A	0.959	133	5	0	1	133	1	133	4.135E-86	271
2HMB_A	2CBR_A	0.414	134	74	0	5	132	4	137	9.989E-27	100
2HMB_A	2IFB_A	0.342	131	84	0	4	132	2	132	3.033E-18	75
2HMB_A	1IFB_A	0.342	131	84	0	4	132	2	132	3.033E-18	75
2HMB_A	1O1U_A	0.312	91	61	0	4	93	2	92	1.355E-08	47
6BQG_A	6BQG_A	0.933	458	31	0	1	458	1	458	6.863E-297	897
12CA_A	12CA_A	1.000	260	0	0	1	260	1	260	6.605E-184	560
12CA_A	1CAH_A	1.000	260	0	0	1	260	1	260	6.605E-184	560
1BAH_A	1BAH_A	0.990	59	1	0	1	59	1	59	2.693E-37	126
8TIM_A	8TIM_A	0.979	248	5	0	1	248	1	248	2.866E-168	514
8TIM_A	1HTI_A	0.881	248	29	0	1	247	1	248	3.850E-148	456
8TIM_A	1YPI_A	0.564	246	106	0	4	248	3	248	7.046E-83	268
8TIM_A	1TPE_A	0.557	241	105	0	8	246	8	248	1.835E-79	258
8TIM_A	1BTM_A	0.429	248	138	0	4	246	2	249	3.905E-56	190
2UXY_A	2UXY_A	1.000	346	0	0	1	346	1	346	9.563E-244	737
3SSI_A	3SSI_A	0.915	144	12	0	1	144	1	144	2.387E-88	278
1MBG_A	1MBG_A	0.973	636	17	0	1	636	1	636	0.000E+00	1306
1QM0_A	1QM0_A	0.961	253	10	0	1	253	1	253	6.821E-168	513
1QM0_A	2LSB_A	0.961	253	10	0	1	253	1	253	6.821E-168	513
1QM0_A	2N53_A	0.882	253	30	0	2	253	4	256	1.837E-151	466
1QM0_A	1B10_A	0.874	254	32	0	1	253	1	254	1.669E-150	463
1QM0_A	1AG2_A	0.868	254	33	0	1	253	1	254	3.904E-149	459
1QM0_A	1XYX_A	0.868	254	33	0	1	253	1	254	3.904E-149	459
2WZB_A	2WZB_A	0.963	417	15	0	1	417	1	417	4.533E-280	846
2WZB_A	5NP8_A	0.963	417	15	0	1	417	1	417	4.533E-280	846
2WZB_A	3PGK_A	0.655	415	142	0	1	415	1	413	1.483E-173	539
1ITM_A	1ITM_A	0.968	153	5	0	1	153	1	153	8.953E-101	314
2JYS_A	2JYS_A	0.971	1149	33	0	1	1149	1	1149	0.000E+00	2350
2JYS_A	1A43_A	0.161	830	598	0	152	981	596	1309	2.333E-22	99
2JYS_A	2H3F_A	0.161	830	598	0	152	981	596	1309	2.333E-22	99
2WSY_A	2WSY_A	0.939	268	16	0	1	268	1	268	2.455E-173	530
2WSY_A	1WQ5_A	0.840	267	43	0	1	267	1	267	9.492E-151	465
1BNZ_A	1BNZ_A	0.939	64	4	0	1	64	1	64	3.783E-38	128
1BNZ_A	1C8C_A	0.939	64	4	0	1	64	1	64	3.783E-38	128
1BNZ_A	1SSO_A	0.931	64	4	0	1	64	1	64	9.786E-38	127
1BNZ_A	1AZP_A	0.748	66	16	0	1	64	1	66	3.367E-29	103
1ACB_I	1ACB_I	1.000	70	0	0	1	70	1	70	2.088E-46	153
1ACB_I	1EGL_A	1.000	70	0	0	1	70	1	70	2.088E-46	153
1ACB_I	2CI2_I	0.406	61	35	0	10	70	25	84	2.531E-09	46
1ACB_I	1TIN_A	0.342	62	39	0	9	70	8	68	2.852E-06	38
1GLU_A	1GLU_A	0.939	795	48	0	1	795	1	795	0.000E+00	1566
1GLU_A	1HCQ_A	0.305	335	214	0	438	746	183	517	1.530E-40	157
1GLU_A	1PRG_A	0.235	210	135	0	440	616	139	348	2.800E-12	65
1IV7_A	1IV7_A	1.000	96	0	0	1	96	1	96	4.881E-66	211
1IV7_A	1IV9_A	1.000	96	0	0	1	96	1	96	1.580E-64	206
1IV7_A	3MON_B	1.000	48	0	0	1	48	1	48	9.958E-31	109
1GUA_B	1GUA_B	0.975	648	16	0	1	648	1	648	0.000E+00	1333
1GUA_B	1SHF_A	0.358	266	165	0	342	607	264	521	1.760E-41	159
1GUA_B	1FMK_A	0.352	266	167	0	342	607	263	520	2.349E-40	155
1GUA_B	1IR3_A	0.269	302	213	0	342	634	1016	1317	3.799E-28	116
1GUA_B	2N7Z_A	0.279	228	157	0	347	565	19	246	2.417E-21	94
1GUA_B	1WIT_A	0.260	217	158	0	343	557	6251	6467	5.439E-17	80
1GUA_B	1XWS_A	0.190	256	201	0	347	602	36	284	4.474E-08	51
1IV9_A	1IV9_A	1.000	96	0	0	1	96	1	96	4.881E-66	211
1IV9_A	1IV7_A	1.000	96	0	0	1	96	1	96	1.580E-64	206
1IV9_A	3MON_B	1.000	50	0	0	1	50	1	50	3.058E-32	113
1CF3_A	1CF3_A	0.981	605	11	0	1	605	1	605	0.000E+00	1253
1FLV_A	1FTG_A	0.986	170	2	0	1	170	1	170	5.984E-115	356
1FLV_A	1FLV_A	0.986	170	2	0	1	170	1	170	5.984E-115	356
1FLV_A	3F6R_A	0.317	118	78	0	4	118	3	120	5.533E-13	61
5VP3_A	5VP3_A	1.000	206	0	0	1	206	1	206	2.997E-143	439
5VP3_A	1CFD_A	0.312	66	44	0	124	188	10	75	4.073E-04	35
1B5M_A	1B5M_A	1.000	146	0	0	1	146	1	146	7.985E-100	311
1B5M_A	1IET_A	0.561	129	55	0	16	142	5	133	7.145E-41	141
1B5M_A	1CYO_A	0.545	130	58	0	16	143	5	134	1.675E-39	137
1PRE_A	1PRE_A	0.990	493	5	0	1	493	1	493	0.000E+00	1032
1HUE_A	1HUE_A	0.912	90	8	0	1	90	1	90	2.146E-53	174
1KCQ_A	3FFN_A	0.971	782	23	0	1	782	1	782	0.000E+00	1602
1KCQ_A	1KCQ_A	0.971	782	23	0	1	782	1	782	0.000E+00	1602
1KCQ_A	1YRI_A	0.515	716	346	0	66	780	17	732	1.065E-218	689
1KCQ_A	1QQV_A	0.515	716	346	0	66	780	17	732	1.065E-218	689
1KCQ_A	1VII_A	0.515	716	346	0	66	780	17	732	1.065E-218	689
1KCQ_A	1WY3_A	0.515	716	346	0	66	780	17	732	1.065E-218	689
1WY3_A	1YRI_A	0.975	826	21	0	1	826	1	826	0.000E+00	1699
1WY3_A	1QQV_A	0.975	826	21	0	1	826	1	826	0.000E+00	1699
1WY3_A	1VII_A	0.975	826	21	0	1	826	1	826	0.000E+00	1699
1WY3_A	1WY3_A	0.975	826	21	0	1	826	1	826	0.000E+00	1699
1WY3_A	3FFN_A	0.523	704	335	0	17	720	66	769	1.636E-218	690
1WY3_A	1KCQ_A	0.523	704	335	0	17	720	66	769	1.636E-218	690
2CLR_B	2CLR_B	0.979	119	2	0	1	119	1	119	1.382E-78	248
2CLR_B	1FC1_A	0.283	86	57	0	28	107	230	315	6.180E-06	39
1X0J_A	1X0J_A	0.888	801	90	0	1	801	1	801	0.000E+00	1480
1X0J_A	2DVV_A	0.888	801	90	0	1	801	1	801	0.000E+00	1480
1X0J_A	3S92_A	0.541	750	328	0	49	798	10	725	7.916E-246	768
1X0J_A	4BJX_A	0.515	692	330	0	27	718	5	685	2.240E-210	665
1X0J_A	2OUO_A	0.515	692	330	0	27	718	5	685	2.240E-210	665
1X0J_A	3MXF_A	0.515	692	330	0	27	718	5	685	2.240E-210	665
1X0J_A	1KDX_A	0.523	77	36	0	371	447	1111	1187	1.772E-16	79
1RIS_A	1RIS_A	0.948	101	5	0	1	101	1	101	1.848E-63	203
1L63_A	2LZM_A	0.973	164	4	0	1	164	1	164	4.814E-109	338
1L63_A	1L63_A	0.973	164	4	0	1	164	1	164	4.814E-109	338
5PTI_A	1BPI_A	1.000	100	0	0	1	100	1	100	1.465E-68	218
5PTI_A	5PTI_A	1.000	100	0	0	1	100	1	100	1.465E-68	218
1B0O_A	1B0O_A	0.951	178	9	0	1	178	1	178	1.811E-115	358
1B0O_A	5T43_A	0.219	173	131	0	1	173	1	169	2.908E-08	48
2RLK_A	2RLK_A	0.994	36	0	0	1	36	1	36	3.812E-21	78
3MBP_A	3MBP_A	0.965	396	14	0	1	396	1	396	1.123E-266	807
2RN2_A	2RN2_A	1.000	155	0	0	1	155	1	155	1.104E-108	337
2RN2_A	2RN2_X	1.000	155	0	0	1	155	1	155	1.104E-108	337
2RN2_A	1RIL_A	0.635	142	51	0	3	143	7	148	3.965E-54	180
2RN2_A	2JYS_A	0.267	100	64	0	50	137	644	743	3.138E-06	41
3MON_B	3MON_B	1.000	50	0	0	1	50	1	50	3.132E-33	113
3MON_B	1IV9_A	1.000	50	0	0	1	50	1	50	3.132E-33	113
3MON_B	1IV7_A	1.000	48	0	0	1	48	1	48	1.025E-31	109
1POH_A	1CM2_A	0.904	85	8	0	1	85	1	85	1.179E-49	163
1POH_A	1POH_A	0.904	85	8	0	1	85	1	85	1.179E-49	163
1POH_A	2HPR_A	0.401	81	48	0	1	81	1	81	1.352E-13	59
1POH_A	1Y4Y_A	0.377	82	50	0	1	82	1	82	3.241E-12	55
1STN_A	3BDC_A	0.915	231	20	0	1	231	1	231	3.050E-144	444
1STN_A	1EY0_A	0.915	231	20	0	1	231	1	231	3.050E-144	444
1STN_A	1STN_A	0.915	231	20	0	1	231	1	231	3.050E-144	444
1BNL_A	1BNL_A	0.950	1754	88	0	1	1754	1	1754	0.000E+00	3498
2ADA_A	2ADA_A	0.976	352	8	0	1	352	1	352	1.181E-239	726
1UHG_A	1UHG_A	0.938	386	24	0	1	386	1	386	5.252E-251	761
1UHG_A	1ANT_L	0.326	362	240	0	25	386	105	461	3.800E-53	188
1UHG_A	1QLP_A	0.304	377	250	0	10	386	56	415	7.196E-49	175
1UHG_A	1C5G_A	0.277	377	264	0	10	386	37	402	9.168E-41	151
2AFG_A	2AFG_A	1.000	155	0	0	1	155	1	155	1.379E-107	334
2AFG_A	1JQZ_A	1.000	155	0	0	1	155	1	155	1.379E-107	334
2AFG_A	1JY0_A	1.000	155	0	0	1	155	1	155	1.379E-107	334
2AFG_A	1K5U_A	1.000	155	0	0	1	155	1	155	1.379E-107	334
2AFG_A	1BFG_A	0.557	155	68	0	1	154	134	288	9.607E-50	167
1BTA_A	1BTA_A	0.977	90	2	0	1	90	1	90	3.343E-58	188
1EVQ_A	1EVQ_A	0.969	310	10	0	1	310	1	310	6.808E-209	635
1C2R_A	1C2R_A	0.939	137	8	0	1	137	1	137	1.418E-86	272
1C2R_A	1AKK_A	0.384	83	46	0	22	104	2	76	4.668E-12	57
1C2R_A	1I5T_A	0.384	83	46	0	22	104	2	76	4.668E-12	57
1C2R_A	1YEA_A	0.263	116	75	0	22	137	11	113	5.224E-08	46
1C2R_A	1YCC_A	0.313	84	52	0	21	104	6	81	1.796E-07	44
1F8I_A	1F8I_A	0.960	428	17	0	1	428	1	428	1.496E-286	866
5AZU_A	5AZU_A	0.957	148	6	0	1	148	1	148	4.426E-96	300
1AYE_A	1O6X_A	0.977	419	10	0	1	419	1	419	2.528E-286	865
1AYE_A	1AYE_A	0.977	419	10	0	1	419	1	419	2.528E-286	865
1YCC_A	1YCC_A	1.000	109	0	0	1	109	1	109	5.890E-75	237
1YCC_A	1YEA_A	0.884	108	12	0	2	109	6	113	1.819E-62	201
1YCC_A	1CYC_A	0.716	101	28	0	7	107	2	102	4.551E-44	148
1YCC_A	1AKK_A	0.716	101	28	0	7	107	2	102	4.551E-44	148
1YCC_A	1I5T_A	0.716	101	28	0	7	107	2	102	4.551E-44	148
1YCC_A	1C2R_A	0.270	112	72	0	6	104	21	132	1.632E-08	46
3MXF_A	4BJX_A	0.870	1362	177	0	1	1362	1	1362	0.000E+00	2457
3MXF_A	2OUO_A	0.870	1362	177	0	1	1362	1	1362	0.000E+00	2457
3MXF_A	3MXF_A	0.870	1362	177	0	1	1362	1	1362	0.000E+00	2457
3MXF_A	3S92_A	0.532	645	295	0	37	681	13	644	1.572E-196	647
3MXF_A	1X0J_A	0.500	693	341	0	7	688	29	721	2.075E-194	641
3MXF_A	2DVV_A	0.500	693	341	0	7	688	29	721	2.075E-194	641
3MXF_A	1KDX_A	0.508	80	39	0	375	454	1111	1190	3.680E-16	79
1PRG_A	1PRG_A	0.960	505	20	0	1	505	1	505	0.000E+00	1022
1PRG_A	1HCQ_A	0.295	216	142	0	139	354	185	387	1.339E-22	97
1PRG_A	1GLU_A	0.245	210	133	0	139	348	440	616	3.642E-14	70
1SVX_A	1SVX_A	0.969	169	5	0	1	169	1	169	5.906E-112	347
1SVX_A	1IHB_A	0.363	152	96	0	15	166	6	157	3.249E-24	94
1SVX_A	2NTE_A	0.408	124	73	0	44	167	425	548	3.973E-23	91
1SVX_A	1NFI_F	0.364	145	87	0	30	167	94	238	5.433E-23	91
1SVX_A	1A5E_A	0.328	116	77	0	51	166	16	131	1.151E-13	63
1IMQ_A	1IMQ_A	0.965	86	3	0	1	86	1	86	1.402E-54	177
1IMQ_A	1AYI_A	0.612	87	33	0	1	86	1	87	4.157E-30	107
1YNR_A	1YNR_A	0.957	98	4	0	1	98	1	98	3.764E-62	199
1YNR_A	451C_A	0.593	79	32	0	20	98	26	104	2.523E-25	94
2IMM_A	2IMM_A	0.959	114	5	0	1	114	1	114	3.334E-73	232
2IMM_A	1LVE_A	0.795	114	23	0	1	114	1	114	7.836E-58	188
2IMM_A	1FH5_L	0.622	114	40	0	1	114	1	108	1.242E-41	141
2IMM_A	1OPG_L	0.583	114	45	0	1	114	1	108	6.330E-38	131
2IMM_A	2MMX_A	0.450	96	51	0	1	96	1	93	1.733E-20	81
1BFM_A	1BFM_A	0.900	69	7	0	1	69	1	69	2.814E-39	132
1CTS_A	1CTS_A	0.973	464	13	0	1	464	1	464	3.396E-316	953
1CYC_A	1CYC_A	0.998	104	0	0	1	104	1	104	1.038E-69	222
1CYC_A	1AKK_A	0.861	104	14	0	1	104	1	104	4.840E-58	188
1CYC_A	1I5T_A	0.861	104	14	0	1	104	1	104	4.840E-58	188
1CYC_A	1YCC_A	0.710	101	29	0	2	102	7	107	1.273E-43	147
1CYC_A	1YEA_A	0.667	101	33	0	2	102	11	111	4.752E-40	136
1HCQ_A	1HCQ_A	0.965	595	21	0	1	595	1	595	0.000E+00	1210
1HCQ_A	1GLU_A	0.315	321	199	0	173	493	428	718	1.321E-41	158
1HCQ_A	1PRG_A	0.286	216	144	0	185	387	139	354	4.627E-21	93
1FKJ_A	1FKB_A	1.000	108	0	0	1	108	1	108	7.025E-74	234
1FKJ_A	1FKJ_A	1.000	108	0	0	1	108	1	108	7.025E-74	234
1XXN_A	1XXN_A	0.988	213	3	0	1	213	1	213	1.432E-145	447
1XXN_A	1BCX_A	0.986	213	3	0	1	213	1	213	3.688E-145	445
1XXN_A	3WP4_A	0.326	176	113	0	34	201	48	223	3.479E-23	93
2DVV_A	1X0J_A	0.888	801	90	0	1	801	1	801	0.000E+00	1480
2DVV_A	2DVV_A	0.888	801	90	0	1	801	1	801	0.000E+00	1480
2DVV_A	3S92_A	0.541	750	328	0	49	798	10	725	7.916E-246	768
2DVV_A	4BJX_A	0.515	692	330	0	27	718	5	685	2.240E-210	665
2DVV_A	2OUO_A	0.515	692	330	0	27	718	5	685	2.240E-210	665
2DVV_A	3MXF_A	0.515	692	330	0	27	718	5	685	2.240E-210	665
2DVV_A	1KDX_A	0.523	77	36	0	371	447	1111	1187	1.772E-16	79
1IFB_A	2IFB_A	0.967	132	4	0	1	132	1	132	2.873E-86	271
1IFB_A	1IFB_A	0.967	132	4	0	1	132	1	132	2.873E-86	271
1IFB_A	2HMB_A	0.343	131	84	0	2	132	4	132	2.133E-18	76
1IFB_A	2CBR_A	0.305	134	90	0	3	132	4	137	7.536E-15	65
1IFB_A	1O1U_A	0.260	131	93	0	1	131	1	126	1.493E-09	50
1LPE_A	1LPE_A	0.895	317	33	0	1	317	1	317	3.043E-194	593
1LPE_A	1AV1_A	0.231	118	90	0	94	211	82	199	2.086E-04	37
1DPM_A	1DPM_A	0.933	365	24	0	1	365	1	365	1.473E-235	715
1N88_A	1N88_A	0.936	96	6	0	1	96	1	96	3.580E-59	191
1RGG_A	1RGG_A	0.999	96	0	0	1	96	1	96	4.080E-64	205
1RGG_A	1MGR_A	0.747	93	23	0	4	96	49	141	1.092E-42	143
2LCP_A	2LCP_A	0.962	190	7	0	1	190	1	190	3.188E-125	387
2LCP_A	1CFD_A	0.279	100	63	0	70	169	54	142	7.135E-07	44
3BDC_A	3BDC_A	0.915	231	20	0	1	231	1	231	3.050E-144	444
3BDC_A	1EY0_A	0.915	231	20	0	1	231	1	231	3.050E-144	444
3BDC_A	1STN_A	0.915	231	20	0	1	231	1	231	3.050E-144	444
1TUP_A	1TUP_A	0.964	393	14	0	1	393	1	393	3.884E-264	799
1TUP_A	1SAK_A	0.964	393	14	0	1	393	1	393	3.884E-264	799
1ZYM_A	1ZYM_A	0.921	575	45	0	1	575	1	575	0.000E+00	1109
2KJ3_A	2KJ3_A	0.932	289	20	0	1	289	1	289	1.220E-185	567
2ZTA_A	2ZTA_A	0.910	281	25	0	1	281	1	281	2.912E-175	536
1LUC_A	1LUC_A	1.000	355	0	0	1	355	1	355	1.013E-249	755
1A23_A	1A23_A	0.969	208	6	0	1	208	1	208	1.093E-138	426
1BFG_A	1BFG_A	0.947	288	15	0	1	288	1	288	2.129E-188	574
1BFG_A	2AFG_A	0.551	155	69	0	134	288	1	154	8.091E-47	165
1BFG_A	1JQZ_A	0.551	155	69	0	134	288	1	154	8.091E-47	165
1BFG_A	1JY0_A	0.551	155	69	0	134	288	1	154	8.091E-47	165
1BFG_A	1K5U_A	0.551	155	69	0	134	288	1	154	8.091E-47	165
2TRX_A	2TRX_A	0.983	109	2	0	1	109	1	109	6.155E-72	228
3S4M_A	3S4M_A	0.965	210	7	0	1	210	1	210	2.483E-139	428
3S4M_A	1EKG_A	0.965	210	7	0	1	210	1	210	2.483E-139	428
1THQ_A	1THQ_A	1.000	186	0	0	1	186	1	186	1.268E-134	413
1YPI_A	1YPI_A	0.951	248	12	0	1	248	1	248	1.617E-162	497
1YPI_A	1HTI_A	0.571	246	105	0	2	247	4	248	3.030E-84	272
1YPI_A	8TIM_A	0.556	246	108	0	3	248	4	248	3.073E-81	263
1YPI_A	1TPE_A	0.543	238	108	0	10	246	11	248	8.939E-76	247
1YPI_A	1BTM_A	0.395	244	145	0	7	246	6	249	3.029E-48	168
1IR3_A	1IR3_A	0.991	1382	12	0	1	1382	1	1382	0.000E+00	2894
1IR3_A	1FMK_A	0.391	279	158	0	1014	1292	261	521	2.074E-49	188
1IR3_A	1SHF_A	0.381	284	164	0	1009	1292	257	522	2.486E-48	185
1IR3_A	1GUA_B	0.271	292	204	0	1016	1307	342	622	8.677E-27	114
1IR3_A	2N7Z_A	0.230	289	219	0	1022	1306	17	305	7.967E-18	84
1IR3_A	1WIT_A	0.162	451	346	0	799	1249	6057	6470	2.406E-09	56
1IR3_A	1XWS_A	0.179	260	199	0	1029	1288	44	286	5.301E-06	45
1IR3_A	1TEN_A	0.217	161	106	0	180	340	308	444	1.209E-05	44
1M21_A	1M21_A	0.934	540	36	0	1	540	1	540	0.000E+00	1059
3VUB_A	3VUB_A	0.966	101	3	0	1	101	1	101	5.709E-65	208
1AQH_A	1AQH_A	0.999	669	1	0	1	669	1	669	0.000E+00	1415
4YEF_A	4YEF_A	0.983	270	5	0	1	270	1	270	1.600E-184	562
4YEF_A	4YEE_A	0.700	271	81	0	1	270	1	271	5.658E-122	382
1AV1_A	1AV1_A	0.934	267	18	0	1	267	1	267	1.411E-171	525
1AV1_A	1LPE_A	0.170	293	221	0	1	267	1	293	1.654E-06	44
1HTI_A	1HTI_A	0.974	249	6	0	1	249	1	249	5.646E-168	513
1HTI_A	8TIM_A	0.877	248	30	0	1	248	1	247	1.951E-147	454
1HTI_A	1YPI_A	0.576	246	103	0	4	248	2	247	3.495E-85	274
1HTI_A	1TPE_A	0.559	240	105	0	12	249	11	250	1.397E-79	258
1HTI_A	1BTM_A	0.414	248	142	0	5	247	2	249	5.480E-53	181
1KA6_A	1KA6_A	0.987	128	2	0	1	128	1	128	1.148E-85	269
1KA6_A	1FMK_A	0.290	89	62	0	7	94	152	240	9.032E-07	42
1KA6_A	2A36_A	0.454	39	20	0	7	45	61	98	1.246E-04	35
1PIN_A	4GWT_A	0.952	163	8	0	1	163	1	163	1.680E-105	328
1PIN_A	1PIN_A	0.952	163	8	0	1	163	1	163	1.680E-105	328
1PIN_A	1K9Q_A	0.508	35	16	0	3	37	169	202	9.868E-05	36
9RNT_A	1YGW_A	0.961	130	5	0	1	130	1	130	2.976E-84	265
9RNT_A	9RNT_A	0.961	130	5	0	1	130	1	130	2.976E-84	265
9RNT_A	1RN1_A	0.961	130	5	0	1	130	1	130	2.976E-84	265
9RNT_A	1BU4_A	0.961	130	5	0	1	130	1	130	2.976E-84	265
9RNT_A	1RN1_C	0.961	130	5	0	1	130	1	130	2.976E-84	265
1A7V_A	1A7V_A	0.900	146	15	0	1	146	1	146	6.773E-88	276
1G6P_A	1G6P_A	0.993	66	0	0	1	66	1	66	2.276E-42	141
1G6P_A	1C9O_A	0.703	62	18	0	1	62	2	63	9.577E-25	90
1G6P_A	1CSP_A	0.689	62	19	0	1	62	2	63	4.685E-24	88
1G6P_A	1MJC_A	0.610	63	24	0	1	62	5	67	1.810E-20	78
1IRO_A	1IRO_A	1.000	54	0	0	1	54	1	54	2.264E-38	128
1IRO_A	1BRF_A	0.773	54	12	0	1	54	1	54	3.506E-24	88
3ECU_A	1N18_A	0.988	154	2	0	1	154	1	154	4.817E-104	323
3ECU_A	3ECU_A	0.988	154	2	0	1	154	1	154	4.817E-104	323
3ECU_A	1SPD_A	0.988	154	2	0	1	154	1	154	4.817E-104	323
3ECU_A	1JK9_A	0.588	150	61	0	4	152	3	152	8.096E-52	173
1BYW_A	1BYW_A	0.956	1159	51	0	1	1159	1	1159	0.000E+00	2331
1BYW_A	2PR5_A	0.303	107	72	0	30	136	28	131	3.067E-08	52
1BYW_A	1G6N_A	0.312	88	57	0	764	847	25	112	3.301E-06	46
1EY0_A	3BDC_A	0.915	231	20	0	1	231	1	231	3.050E-144	444
1EY0_A	1EY0_A	0.915	231	20	0	1	231	1	231	3.050E-144	444
1EY0_A	1STN_A	0.915	231	20	0	1	231	1	231	3.050E-144	444
1WQ5_A	1WQ5_A	0.942	268	15	0	1	268	1	268	5.075E-174	532
1WQ5_A	2WSY_A	0.839	268	43	0	1	268	1	268	3.688E-151	466
2CK2_A	1TTG_A	0.991	2477	22	0	1	2477	1	2477	0.000E+00	5183
2CK2_A	2CK2_A	0.991	2477	22	0	1	2477	1	2477	0.000E+00	5183
2CK2_A	1FNF_A	0.991	2477	22	0	1	2477	1	2477	0.000E+00	5183
2CK2_A	1TEN_A	0.226	1270	975	0	814	2083	626	1886	7.098E-96	344
2CK2_A	1WIT_A	0.145	1341	1066	0	831	2078	3384	4724	1.022E-23	105
2CK2_A	1K85_A	0.229	185	141	0	1452	1636	468	651	1.051E-08	55
1RTP_1	1RTP_1	0.905	110	10	0	1	110	1	110	1.330E-65	210
1RTP_1	1RRO_A	0.518	107	51	0	1	107	1	107	1.261E-29	107
1RTP_1	1CFD_A	0.293	84	59	0	24	107	63	146	1.863E-06	40
1XZO_A	1XZO_A	0.989	193	2	0	1	193	1	193	1.337E-131	405
2HBB_A	1DIV_A	0.908	149	14	0	1	149	1	149	1.032E-90	285
2HBB_A	2HBB_A	0.908	149	14	0	1	149	1	149	1.032E-90	285
1CHK_A	1CHK_A	0.964	278	10	0	1	278	1	278	1.367E-185	566
1FNF_A	1TTG_A	0.991	2477	22	0	1	2477	1	2477	0.000E+00	5183
1FNF_A	2CK2_A	0.991	2477	22	0	1	2477	1	2477	0.000E+00	5183
1FNF_A	1FNF_A	0.991	2477	22	0	1	2477	1	2477	0.000E+00	5183
1FNF_A	1TEN_A	0.226	1270	975	0	814	2083	626	1886	7.098E-96	344
1FNF_A	1WIT_A	0.145	1341	1066	0	831	2078	3384	4724	1.022E-23	105
1FNF_A	1K85_A	0.229	185	141	0	1452	1636	468	651	1.051E-08	55
1CM2_A	1CM2_A	0.904	85	8	0	1	85	1	85	1.179E-49	163
1CM2_A	1POH_A	0.904	85	8	0	1	85	1	85	1.179E-49	163
1CM2_A	2HPR_A	0.401	81	48	0	1	81	1	81	1.352E-13	59
1CM2_A	1Y4Y_A	0.377	82	50	0	1	82	1	82	3.241E-12	55
2MPC_A	2MPC_A	0.949	781	40	0	1	781	1	781	0.000E+00	1557
3DV0_I	3DV0_I	0.924	428	32	0	1	428	1	428	7.922E-274	829
3DV0_I	1W4E_A	0.924	428	32	0	1	428	1	428	7.922E-274	829
3DV0_I	1W4H_A	0.336	421	263	0	7	427	8	404	7.176E-66	227
1ONC_A	1ONC_A	1.000	104	0	0	1	104	1	104	1.243E-71	227
1RTB_A	1RTB_A	0.930	150	10	0	1	150	1	150	4.046E-94	295
1RTB_A	1E21_A	0.690	148	45	0	4	150	5	152	1.513E-63	207
1OPG_L	1OPG_L	0.959	214	9	0	1	214	1	214	4.974E-141	434
1OPG_L	1FH5_L	0.933	213	14	0	1	213	1	213	7.973E-136	419
1OPG_L	2IMM_A	0.574	114	46	0	1	108	1	114	2.455E-35	128
1OPG_L	1LVE_A	0.539	114	49	0	1	108	1	114	4.416E-32	119
1OPG_L	2MMX_A	0.388	94	55	0	3	93	3	96	7.502E-14	65
1OPG_L	1FC1_A	0.350	87	55	0	113	199	229	313	8.316E-10	53
1MJ5_A	1MJ5_A	0.992	296	2	0	1	296	1	296	8.456E-205	622
1MJ5_A	1CQW_A	0.505	281	138	0	7	287	9	287	3.402E-81	265
1QND_A	1QND_A	0.968	547	17	0	1	547	1	547	0.000E+00	1117
1TTG_A	1TTG_A	0.991	2477	22	0	1	2477	1	2477	0.000E+00	5183
1TTG_A	2CK2_A	0.991	2477	22	0	1	2477	1	2477	0.000E+00	5183
1TTG_A	1FNF_A	0.991	2477	22	0	1	2477	1	2477	0.000E+00	5183
1TTG_A	1TEN_A	0.226	1270	975	0	814	2083	626	1886	7.098E-96	344
1TTG_A	1WIT_A	0.145	1341	1066	0	831	2078	3384	4724	1.022E-23	105
1TTG_A	1K85_A	0.229	185	141	0	1452	1636	468	651	1.051E-08	55
1ZNJ_B	1ZNJ_A	0.987	110	1	0	1	110	1	110	5.160E-73	231
1ZNJ_B	1ZNJ_B	0.987	110	1	0	1	110	1	110	5.160E-73	231
4E5K_A	4E5K_A	0.956	336	15	0	1	336	1	336	5.217E-223	677
1AG2_A	1AG2_A	0.974	254	7	0	1	254	1	254	1.969E-171	524
1AG2_A	1XYX_A	0.974	254	7	0	1	254	1	254	1.969E-171	524
1AG2_A	1B10_A	0.921	254	20	0	1	254	1	254	2.427E-160	492
1AG2_A	1QM0_A	0.880	254	30	0	1	254	1	253	1.025E-151	467
1AG2_A	2LSB_A	0.880	254	30	0	1	254	1	253	1.025E-151	467
1AG2_A	2N53_A	0.859	253	36	0	2	254	4	256	1.191E-146	452
1GUY_C	1GUY_C	0.936	309	20	0	1	309	1	309	9.629E-200	608
1J8I_A	1J8I_A	0.898	114	12	0	1	114	1	114	1.935E-67	216
4BJX_A	4BJX_A	0.870	1362	177	0	1	1362	1	1362	0.000E+00	2457
4BJX_A	2OUO_A	0.870	1362	177	0	1	1362	1	1362	0.000E+00	2457
4BJX_A	3MXF_A	0.870	1362	177	0	1	1362	1	1362	0.000E+00	2457
4BJX_A	3S92_A	0.532	645	295	0	37	681	13	644	1.572E-196	647
4BJX_A	1X0J_A	0.500	693	341	0	7	688	29	721	2.075E-194	641
4BJX_A	2DVV_A	0.500	693	341	0	7	688	29	721	2.075E-194	641
4BJX_A	1KDX_A	0.508	80	39	0	375	454	1111	1190	3.680E-16	79
1AJ3_A	1AJ3_A	0.924	2477	188	0	1	2477	1	2477	0.000E+00	4790
1AJ3_A	1U4Q_A	0.924	2477	188	0	1	2477	1	2477	0.000E+00	4790
1AJ3_A	1SHG_A	0.924	2477	188	0	1	2477	1	2477	0.000E+00	4790
1AJ3_A	1DXX_A	0.127	2016	1694	0	142	2157	331	2272	2.802E-12	67
1AJ3_A	1CFD_A	0.265	150	104	0	2325	2474	5	146	1.171E-09	58
1AJ3_A	2A36_A	0.534	51	23	0	971	1021	156	206	1.382E-08	55
1AJ3_A	1SHF_A	0.434	65	35	0	967	1029	82	146	3.147E-08	53
1AJ3_A	1FMK_A	0.421	64	35	0	968	1029	85	148	2.147E-07	51
1BTM_A	1BTM_A	0.962	253	10	0	1	253	1	253	3.630E-168	514
1BTM_A	8TIM_A	0.431	248	138	0	2	249	4	246	2.531E-56	191
1BTM_A	1HTI_A	0.418	248	141	0	2	249	5	247	9.740E-54	184
1BTM_A	1TPE_A	0.410	247	143	0	3	249	5	248	5.708E-52	179
1BTM_A	1YPI_A	0.405	244	142	0	6	249	7	246	4.564E-50	173
1EGL_A	1ACB_I	1.000	70	0	0	1	70	1	70	2.088E-46	153
1EGL_A	1EGL_A	1.000	70	0	0	1	70	1	70	2.088E-46	153
1EGL_A	2CI2_I	0.406	61	35	0	10	70	25	84	2.531E-09	46
1EGL_A	1TIN_A	0.342	62	39	0	9	70	8	68	2.852E-06	38
1O6X_A	1O6X_A	0.977	419	10	0	1	419	1	419	2.528E-286	865
1O6X_A	1AYE_A	0.977	419	10	0	1	419	1	419	2.528E-286	865
1RN1_A	1YGW_A	0.961	130	5	0	1	130	1	130	2.976E-84	265
1RN1_A	9RNT_A	0.961	130	5	0	1	130	1	130	2.976E-84	265
1RN1_A	1RN1_A	0.961	130	5	0	1	130	1	130	2.976E-84	265
1RN1_A	1BU4_A	0.961	130	5	0	1	130	1	130	2.976E-84	265
1RN1_A	1RN1_C	0.961	130	5	0	1	130	1	130	2.976E-84	265
1VII_A	1YRI_A	0.975	826	21	0	1	826	1	826	0.000E+00	1699
1VII_A	1QQV_A	0.975	826	21	0	1	826	1	826	0.000E+00	1699
1VII_A	1VII_A	0.975	826	21	0	1	826	1	826	0.000E+00	1699
1VII_A	1WY3_A	0.975	826	21	0	1	826	1	826	0.000E+00	1699
1VII_A	3FFN_A	0.523	704	335	0	17	720	66	769	1.636E-218	690
1VII_A	1KCQ_A	0.523	704	335	0	17	720	66	769	1.636E-218	690
2BRD_A	2BRD_A	0.940	262	16	0	1	262	1	262	1.730E-169	518
1W4H_A	1W4H_A	0.916	405	34	0	1	405	1	405	2.278E-256	777
1W4H_A	3DV0_I	0.338	421	262	0	8	404	7	427	3.966E-67	229
1W4H_A	1W4E_A	0.338	421	262	0	8	404	7	427	3.966E-67	229
2CHF_A	2CHF_A	0.929	129	9	0	1	129	1	129	3.694E-80	253
2CHF_A	1CEY_A	0.918	129	10	0	1	129	1	129	4.622E-79	250
1WIT_A	1WIT_A	0.972	6319	177	0	1	6319	1	6319	0.000E+00	12938
1WIT_A	1TTG_A	0.152	1574	1246	0	3151	4724	609	2078	2.738E-36	148
1WIT_A	2CK2_A	0.152	1574	1246	0	3151	4724	609	2078	2.738E-36	148
1WIT_A	1FNF_A	0.152	1574	1246	0	3151	4724	609	2078	2.738E-36	148
1WIT_A	1TEN_A	0.144	1433	1130	0	2596	4028	639	1959	1.627E-24	109
1WIT_A	1TIT_A	0.234	361	266	0	1131	1491	675	1022	4.866E-24	108
1WIT_A	1XWS_A	0.225	268	205	0	6261	6528	38	302	2.091E-14	76
1WIT_A	1GUA_B	0.226	266	190	0	6197	6462	307	552	2.091E-14	76
1WIT_A	1SHF_A	0.257	207	152	0	6265	6471	275	480	2.750E-14	75
1WIT_A	1K85_A	0.241	226	164	0	4932	5157	464	680	1.422E-13	73
1WIT_A	1FMK_A	0.249	206	153	0	6266	6471	275	479	7.352E-13	70
1WIT_A	1IR3_A	0.189	239	182	0	6245	6470	1011	1249	7.639E-06	47
1DIV_A	1DIV_A	0.908	149	14	0	1	149	1	149	1.032E-90	285
1DIV_A	2HBB_A	0.908	149	14	0	1	149	1	149	1.032E-90	285
1NM1_A	1NM1_A	0.974	376	10	0	1	376	1	376	1.004E-255	774
1RIL_A	1RIL_A	1.000	166	0	0	1	166	1	166	1.397E-115	357
1RIL_A	2RN2_A	0.641	137	48	0	7	143	3	138	2.070E-52	175
1RIL_A	2RN2_X	0.641	137	48	0	7	143	3	138	2.070E-52	175
4HE7_A	4HE7_A	1.000	54	0	0	1	54	1	54	6.373E-39	130
1ANT_L	1ANT_L	0.962	464	18	0	1	464	1	464	8.110E-312	941
1ANT_L	1UHG_A	0.337	362	236	0	105	461	25	386	2.058E-55	197
1ANT_L	1C5G_A	0.316	374	250	0	88	461	36	402	4.795E-51	184
1ANT_L	1QLP_A	0.293	377	257	0	88	464	55	418	9.846E-45	165
1HZ6_A	1HZ6_A	0.921	719	57	0	1	719	1	719	0.000E+00	1387
1HZ6_A	2PTL_A	0.718	421	118	0	95	514	23	443	1.857E-192	609
1KEV_A	1KEV_A	0.970	351	10	0	1	351	1	351	3.277E-237	719
1PDO_A	1PDO_A	0.931	323	22	0	1	323	1	323	1.137E-207	632
1SHF_A	1SHF_A	1.000	537	0	0	1	537	1	537	0.000E+00	1139
1SHF_A	1FMK_A	0.789	475	100	0	63	537	63	536	1.710E-250	768
1SHF_A	1IR3_A	0.376	292	170	0	257	530	1009	1300	3.876E-51	186
1SHF_A	1GUA_B	0.359	266	165	0	264	521	342	607	2.455E-42	160
1SHF_A	2A36_A	0.296	205	132	0	88	292	4	192	2.708E-21	93
1SHF_A	2N7Z_A	0.241	271	187	0	266	513	13	283	4.265E-19	86
1SHF_A	1WIT_A	0.267	207	150	0	275	480	6265	6471	3.779E-17	80
1SHF_A	1XWS_A	0.223	254	195	0	267	518	33	286	3.093E-14	70
1SHF_A	1AJ3_A	0.305	109	68	0	82	190	967	1065	3.725E-09	54
1SHF_A	1U4Q_A	0.305	109	68	0	82	190	967	1065	3.725E-09	54
1SHF_A	1SHG_A	0.305	109	68	0	82	190	967	1065	3.725E-09	54
1SHF_A	5JXB_A	0.276	108	67	0	67	159	412	519	9.654E-07	46
1SHF_A	3K82_A	0.276	108	67	0	67	159	412	519	9.654E-07	46
1CEY_A	1CEY_A	0.933	129	9	0	1	129	1	129	1.432E-80	254
1CEY_A	2CHF_A	0.918	129	10	0	1	129	1	129	4.622E-79	250
1OTR_B	1OTR_B	0.931	381	26	0	1	381	1	381	1.237E-245	745
1OTR_B	1UBQ_A	0.904	380	36	0	1	380	1	380	1.327E-236	719
1OTR_B	1AAR_A	0.904	380	36	0	1	380	77	456	1.327E-236	719
1OTR_B	5TR5_A	0.396	72	43	0	305	376	1	72	6.474E-09	52
1JQZ_A	2AFG_A	1.000	155	0	0	1	155	1	155	1.379E-107	334
1JQZ_A	1JQZ_A	1.000	155	0	0	1	155	1	155	1.379E-107	334
1JQZ_A	1JY0_A	1.000	155	0	0	1	155	1	155	1.379E-107	334
1JQZ_A	1K5U_A	1.000	155	0	0	1	155	1	155	1.379E-107	334
1JQZ_A	1BFG_A	0.557	155	68	0	1	154	134	288	9.607E-50	167
2M5S_A	2M5S_A	0.954	430	20	0	1	430	1	430	7.936E-286	864
3D2A_A	3D2A_A	0.943	212	12	0	1	212	1	212	5.818E-137	422
4WAA_A	4WAA_A	0.938	125	8	0	1	125	1	125	1.848E-78	248
2CPP_A	2CPP_A	0.984	415	7	0	1	415	1	415	7.393E-286	863
5OAQ_A	5OAQ_A	0.949	434	22	0	1	434	1	434	7.692E-287	867
5OAQ_A	3L15_A	0.620	429	158	0	18	434	19	447	5.893E-167	521
1AZP_A	1AZP_A	0.931	66	4	0	1	66	1	66	4.557E-39	131
1AZP_A	1BNZ_A	0.740	66	16	0	1	66	1	64	9.644E-29	102
1AZP_A	1C8C_A	0.740	66	16	0	1	66	1	64	9.644E-29	102
1AZP_A	1SSO_A	0.733	66	17	0	1	66	1	64	2.498E-28	100
2Q98_A	2Q98_A	0.968	227	7	0	1	227	1	227	1.393E-151	465
2Q98_A	3HHR_A	0.256	205	152	0	18	222	7	211	1.706E-16	74
3L15_A	3L15_A	0.953	447	21	0	1	447	1	447	4.114E-297	897
3L15_A	5OAQ_A	0.651	408	138	0	40	447	38	434	1.725E-168	526
1TIN_A	1TIN_A	1.000	68	0	0	1	68	1	68	2.990E-44	146
1TIN_A	2CI2_I	0.455	63	34	0	6	68	22	84	2.069E-12	55
1TIN_A	1ACB_I	0.355	62	39	0	8	68	9	70	5.281E-07	40
1TIN_A	1EGL_A	0.355	62	39	0	8	68	9	70	5.281E-07	40
2NTE_A	2NTE_A	0.961	777	30	0	1	777	1	777	0.000E+00	1571
2NTE_A	1SVX_A	0.410	124	73	0	425	548	44	167	2.392E-20	91
2NTE_A	1NFI_F	0.359	105	63	0	424	522	107	211	2.056E-12	65
2NTE_A	1IHB_A	0.370	96	59	0	424	519	34	128	1.424E-11	63
2NTE_A	1JNX_X	0.251	149	104	0	564	703	1644	1792	1.081E-08	53
2NTE_A	1A5E_A	0.301	105	73	0	432	536	16	120	4.304E-08	51
3FFN_A	3FFN_A	0.971	782	23	0	1	782	1	782	0.000E+00	1602
3FFN_A	1KCQ_A	0.971	782	23	0	1	782	1	782	0.000E+00	1602
3FFN_A	1YRI_A	0.515	716	346	0	66	780	17	732	1.065E-218	689
3FFN_A	1QQV_A	0.515	716	346	0	66	780	17	732	1.065E-218	689
3FFN_A	1VII_A	0.515	716	346	0	66	780	17	732	1.065E-218	689
3FFN_A	1WY3_A	0.515	716	346	0	66	780	17	732	1.065E-218	689
1C8C_A	1BNZ_A	0.939	64	4	0	1	64	1	64	3.783E-38	128
1C8C_A	1C8C_A	0.939	64	4	0	1	64	1	64	3.783E-38	128
1C8C_A	1SSO_A	0.931	64	4	0	1	64	1	64	9.786E-38	127
1C8C_A	1AZP_A	0.748	66	16	0	1	64	1	66	3.367E-29	103
1FH5_H	1FH5_H	0.968	198	6	0	1	198	1	198	1.238E-131	406
1FH5_H	1FC1_A	0.561	101	39	0	109	198	1	101	1.306E-29	111
1FH5_H	1FH5_L	0.204	195	149	0	6	193	13	207	1.010E-07	46
1FH5_H	2MMX_A	0.326	83	52	0	8	90	14	91	1.359E-07	46
1FH5_H	1LVE_A	0.275	79	53	0	24	102	35	108	6.709E-04	34
1AKK_A	1AKK_A	0.993	105	1	0	1	105	1	105	5.792E-70	222
1AKK_A	1I5T_A	0.993	105	1	0	1	105	1	105	5.792E-70	222
1AKK_A	1CYC_A	0.855	104	15	0	1	104	1	104	1.799E-57	186
1AKK_A	1YCC_A	0.703	101	30	0	2	102	7	107	4.732E-43	145
1AKK_A	1YEA_A	0.685	101	32	0	2	102	11	111	1.535E-41	141
1AKK_A	1C2R_A	0.311	111	67	0	2	99	22	132	3.888E-12	56
1H0C_A	1H0C_A	0.976	392	9	0	1	392	1	392	2.640E-267	808
1JK9_A	1JK9_A	0.968	154	5	0	1	154	1	154	1.938E-101	316
1JK9_A	1N18_A	0.584	150	62	0	3	152	4	152	2.860E-51	171
1JK9_A	3ECU_A	0.584	150	62	0	3	152	4	152	2.860E-51	171
1JK9_A	1SPD_A	0.584	150	62	0	3	152	4	152	2.860E-51	171
4BUQ_A	4BUQ_A	0.973	227	6	0	1	227	1	227	1.532E-152	467
1AM7_A	1AM7_A	0.998	158	0	0	1	158	1	158	4.507E-108	335
1OH0_A	1OH0_A	0.994	131	1	0	1	131	1	131	1.749E-88	277
1E0L_A	1E0L_A	0.865	1100	148	0	1	1100	1	1100	0.000E+00	1974
1E0L_A	1UZC_A	0.220	213	160	0	668	873	400	612	4.637E-10	58
1E0L_A	2JUC_A	0.518	42	19	0	436	477	4	44	9.348E-06	44
1BTL_A	1BTL_A	0.957	286	12	0	1	286	1	286	1.556E-189	578
1BTL_A	1AXB_A	0.957	286	12	0	1	286	1	286	1.556E-189	578
1BTL_A	4BLM_A	0.406	250	146	0	35	284	54	300	3.536E-51	178
1BTL_A	1BLC_A	0.338	257	169	0	30	286	26	281	9.317E-39	141
1E21_A	1E21_A	0.980	156	3	0	1	156	1	156	2.057E-104	325
1E21_A	1RTB_A	0.714	148	42	0	5	152	4	150	2.636E-66	215
1UWO_A	1UWO_A	0.953	92	4	0	1	92	1	92	9.529E-58	186
1UWO_A	1IGV_A	0.370	78	47	0	5	82	4	78	1.038E-10	51
2ARF_A	2ARF_A	0.934	1465	97	0	1	1465	1	1465	0.000E+00	2867
1HFY_A	1HFY_A	1.000	142	0	0	1	142	1	142	7.498E-98	305
1HFY_A	1HFZ_A	0.970	142	4	0	1	142	1	142	1.831E-93	292
1HFY_A	1EL1_A	0.474	115	58	0	23	133	4	118	1.587E-27	102
1HFY_A	4LYZ_A	0.479	111	55	0	24	130	23	133	7.667E-27	100
1HFY_A	1LZ1_A	0.441	121	64	0	18	133	17	137	5.073E-26	98
1JU3_A	1JU3_A	0.975	574	14	0	1	574	1	574	0.000E+00	1181
1OIA_A	1OIA_A	0.936	282	18	0	1	282	1	282	8.197E-182	555
1OIA_A	2K3K_A	0.514	278	104	0	5	282	2	216	1.561E-82	269
1ROP_A	1ROP_A	0.944	63	3	0	1	63	1	63	9.301E-38	127
1HME_A	1HME_A	0.867	214	28	0	1	214	1	214	7.569E-125	387
1SCE_A	1SCE_A	0.999	113	0	0	1	113	1	113	3.040E-76	241
1SCE_A	1DKT_A	0.584	76	27	0	24	99	5	71	2.987E-23	89
2PR5_A	2PR5_A	0.956	261	11	0	1	261	1	261	3.014E-172	526
2PR5_A	1BYW_A	0.333	99	64	0	28	124	30	128	2.029E-10	56
3HHR_A	3HHR_A	0.969	217	7	0	1	217	1	217	6.113E-145	445
3HHR_A	2Q98_A	0.253	216	157	0	4	214	10	225	2.167E-17	76
1I4N_A	1I4N_A	0.928	252	18	0	1	252	1	252	2.209E-160	492
1IET_A	1IET_A	0.968	134	4	0	1	134	1	134	9.810E-88	275
1IET_A	1CYO_A	0.856	134	19	0	1	134	1	134	2.164E-75	240
1IET_A	1B5M_A	0.546	130	58	0	5	134	16	143	7.236E-40	138
1LBI_A	1LBI_A	0.919	360	29	0	1	360	1	360	2.860E-228	694
1LBI_A	2DRI_A	0.206	245	191	0	87	327	52	296	8.382E-11	58
1CFD_A	1CFD_A	0.932	149	10	0	1	149	1	149	1.363E-93	293
1CFD_A	1AJ3_A	0.310	115	73	0	5	111	2325	2439	4.946E-12	58
1CFD_A	1U4Q_A	0.310	115	73	0	5	111	2325	2439	4.946E-12	58
1CFD_A	1SHG_A	0.310	115	73	0	5	111	2325	2439	4.946E-12	58
1CFD_A	1RRO_A	0.351	68	42	0	82	146	40	107	8.190E-07	42
1CFD_A	1RTP_1	0.313	80	54	0	63	142	24	103	1.111E-06	42
1CFD_A	2LCP_A	0.260	102	67	0	52	142	68	169	6.890E-06	40
1CFD_A	5VP3_A	0.336	59	37	0	17	75	132	188	1.910E-04	35
1FMK_A	1FMK_A	0.979	536	11	0	1	536	1	536	0.000E+00	1109
1FMK_A	1SHF_A	0.786	475	101	0	63	536	63	537	3.801E-249	764
1FMK_A	1IR3_A	0.391	279	158	0	261	521	1014	1292	1.143E-51	188
1FMK_A	1GUA_B	0.343	277	176	0	252	520	331	607	4.632E-41	156
1FMK_A	2A36_A	0.297	202	132	0	90	291	4	192	4.732E-21	93
1FMK_A	2N7Z_A	0.223	277	198	0	265	520	13	289	4.668E-16	76
1FMK_A	1WIT_A	0.257	209	154	0	272	479	6263	6471	8.165E-16	76
1FMK_A	1XWS_A	0.275	145	98	0	372	516	150	285	5.720E-11	60
1FMK_A	1AJ3_A	0.451	59	31	0	90	148	973	1029	2.600E-08	51
1FMK_A	1U4Q_A	0.451	59	31	0	90	148	973	1029	2.600E-08	51
1FMK_A	1SHG_A	0.451	59	31	0	90	148	973	1029	2.600E-08	51
1FMK_A	1KA6_A	0.298	89	61	0	152	240	7	94	6.725E-06	43
1IGV_A	1IGV_A	0.920	79	6	0	1	79	1	79	6.736E-47	154
1IGV_A	1UWO_A	0.408	69	38	0	13	78	14	82	3.176E-11	52
1MJC_A	1MJC_A	0.985	70	1	0	1	70	1	70	9.324E-45	148
1MJC_A	1CSP_A	0.647	64	22	0	5	68	2	64	9.944E-23	85
1MJC_A	1C9O_A	0.634	64	23	0	7	70	4	66	4.866E-22	83
1MJC_A	1G6P_A	0.618	63	23	0	5	67	1	62	8.488E-21	79
1MSI_A	1MSI_A	0.919	66	5	0	1	66	1	66	2.221E-38	129
1R2Y_A	1R2Y_A	0.970	273	8	0	1	273	1	273	1.222E-183	560
1BOY_A	1BOY_A	0.965	295	10	0	1	295	1	295	1.453E-197	601
1DKG_A	1DKG_A	0.886	197	22	0	1	197	1	197	1.111E-117	365
1K85_A	1K85_A	0.956	699	31	0	1	699	1	699	0.000E+00	1407
1K85_A	1KFW_A	0.324	448	295	0	29	466	41	488	1.028E-63	229
4ZLU_A	4ZLU_A	0.978	439	10	0	1	439	1	439	1.474E-300	907
1AXB_A	1BTL_A	0.957	286	12	0	1	286	1	286	1.556E-189	578
1AXB_A	1AXB_A	0.957	286	12	0	1	286	1	286	1.556E-189	578
1AXB_A	4BLM_A	0.406	250	146	0	35	284	54	300	3.536E-51	178
1AXB_A	1BLC_A	0.338	257	169	0	30	286	26	281	9.317E-39	141
2O9P_A	2JIE_A	1.000	448	0	0	1	448	1	448	0.000E+00	981
2O9P_A	2O9P_A	1.000	448	0	0	1	448	1	448	0.000E+00	981
3FIS_A	3FIS_A	0.933	98	6	0	1	98	1	98	3.148E-60	194
1EKG_A	3S4M_A	0.965	210	7	0	1	210	1	210	2.483E-139	428
1EKG_A	1EKG_A	0.965	210	7	0	1	210	1	210	2.483E-139	428
